Date,Open,High,Low,Close,Volume,Market Cap
Oct-30-2022,4.628274583006416,4.778199832032411,4.6165390001025175,4.710606319224862,60066260.92727273,668800486.0647801
Oct-29-2022,4.540158656991236,4.693742384062585,4.513200871811114,4.619460785768597,42168401.76211454,652351606.7359482
Oct-28-2022,4.447896377276347,4.58752707640195,4.4127308182817755,4.540158656991236,39410361.545064375,637994909.6281939
Oct-27-2022,4.514098970571565,4.555585090794605,4.42846050071228,4.451337811981781,42542571.598086126,638263295.7567025
Oct-26-2022,4.440985044358662,4.546364862979077,4.440985044358662,4.517469699449503,44795377.82524272,639172695.0342655
Oct-25-2022,4.3981834553265555,4.5172378283892645,4.354637159262031,4.450332554978183,38858160.05529954,627636267.7088786
Oct-24-2022,4.470561689097005,4.47588856392786,4.396503886624077,4.396503886624077,35213906.33898305,630476287.0060128
Oct-23-2022,4.382452824174938,4.47276687496391,4.372830641506751,4.470561689097005,27722285.291479822,625353232.8416663
Oct-22-2022,4.37046251346027,4.3906838772669285,4.343615489095833,4.383891136706265,26827877.358851675,621254528.115408
Oct-21-2022,4.4034643292929285,4.40631822948613,4.302575565482367,4.37046251346027,38677739.700854704,619403329.935875
Oct-20-2022,4.419537416819647,4.510905461012119,4.386541801129193,4.4034643292929285,44393799.2,630385679.1964563
Oct-19-2022,4.449855046541082,4.45230551425869,4.368949158517015,4.418804960345668,51907438.46236559,626356356.750678
Oct-18-2022,4.631151783247606,4.632035166788085,4.41881794212381,4.449855046541082,52157280.13207547,643195898.8931596
Oct-17-2022,4.58505043537667,4.665219112683285,4.56958299465313,4.6309568882031344,47199884.72093023,655920312.4605278
Oct-16-2022,4.453306037538652,4.5910241519817765,4.452203432490013,4.578696382566161,42811559.763546795,645460902.0906465
Oct-15-2022,4.38018489616082,4.478098546091856,4.377838376557204,4.453306037538652,37747170.77511962,627742525.3061365
Oct-14-2022,4.376676186274604,4.471586018564241,4.373442286555909,4.378454097345845,65525643.23076923,627395065.6825919
Oct-13-2022,4.457894780866451,4.467889463840815,4.164033930069381,4.377209145316112,70694626.80672269,614379963.3968033
Oct-12-2022,4.506515786206572,4.595033140509048,4.445998887091241,4.457894780866451,56033950.90909091,640919013.2394875
Oct-11-2022,4.4914441300306835,4.55637987477548,4.427783514678803,4.506515786206572,49570406.446428575,639649795.4468248
Oct-10-2022,4.560194051900195,4.595282465494767,4.4914441300306835,4.4914441300306835,43596312.3575419,643931657.7617396
Oct-09-2022,4.515370110897617,4.560996905509274,4.4957188000663,4.560194051900195,34713809.83076923,641123659.279171
Oct-08-2022,4.613343463465762,4.613343463465762,4.508653083955065,4.515370110897617,48087662.67317073,648613798.7701856
Oct-07-2022,4.617478714054679,4.676525875918655,4.56043169912158,4.613343463465762,72647252.46296297,655720159.0018438
Oct-06-2022,4.673706586155863,4.738690070571311,4.577422396752614,4.607862516433939,63166212.608294934,666590813.0627382
Oct-05-2022,4.788301992355031,4.799068661291452,4.648592479773001,4.673706586155863,72762754.35294117,668864858.1498407
Oct-04-2022,4.598772488228559,4.810677358443551,4.579691234032466,4.788301992355031,68760723.8995816,666171165.9429584
Oct-03-2022,4.563176566280836,4.637169960404841,4.551613396298903,4.599181429980033,83608597.93814433,652161710.4969532
Oct-02-2022,4.5210965228362765,4.637754659089177,4.455115825649631,4.568677336024757,81908620.8917749,642744664.88792
Oct-01-2022,4.755316653659525,4.762813705543387,4.512465018123305,4.5210965228362765,76503586.75728156,656722038.4737988
Sep-30-2022,4.915645952521586,4.944390413911536,4.698395208972841,4.7501412999768124,85511112.83116883,685738334.2157393
Sep-29-2022,4.862211227234988,5.049217908277902,4.825510793057087,4.914065688576773,133319726.91666667,694165259.7556002
Sep-28-2022,4.720004200772396,4.882671225154842,4.598538985929558,4.860622838058214,111152460.67692308,664990734.8526162
Sep-27-2022,4.618775626005966,4.834866146560055,4.618775626005966,4.720004200772396,82225074.70175439,663583755.6384354
Sep-26-2022,4.593325157516603,4.631294706362954,4.53643754640796,4.609476805031441,78145809.62114537,649860351.939413
Sep-25-2022,4.505628154569725,4.597134508803488,4.470667347487519,4.593325157516603,61752007.43661972,650024602.9844553
Sep-24-2022,4.503010004211179,4.671335921999716,4.503010004211179,4.505628154569725,84243186.59829059,653897921.7324576
Sep-23-2022,4.480696753415578,4.527010321477856,4.3817247890097,4.512236791061651,85618673.67672414,637763129.5857044
Sep-22-2022,4.236821484816986,4.496176322149382,4.221827119249356,4.480696753415578,117255201.78787878,608838788.1335908
Sep-21-2022,4.333505585001023,4.421447796722046,4.191810868506214,4.234922832919593,99022881.52156863,602492674.6159616
Sep-20-2022,4.354382511094741,4.383871646499155,4.301353362190444,4.333505585001023,63574921.80327869,607401994.0961989
Sep-19-2022,4.259719324538961,4.354382511094741,4.1368561972618245,4.354382511094741,104453817.89312977,607580025.9995843
Sep-18-2022,4.368471367468628,4.478296121130675,4.226817542348322,4.259719324538961,63205056.480686694,621119721.5398986
Sep-17-2022,4.165328913763794,4.368471367468628,4.165328913763794,4.368471367468628,50840552.644670054,611638683.0116773
Sep-16-2022,4.054714879914816,4.175090719287497,4.039968368165612,4.165328913763794,65713689.61032864,591570391.1024185
Sep-15-2022,4.170933858400562,4.178293121097632,4.040769717893848,4.054714879914816,57643108.27667984,582657482.4037787
Sep-14-2022,4.141194395071963,4.208776137081095,4.12410607063612,4.170933858400562,55588646.36,582005169.939144
Sep-13-2022,4.413893398911753,4.441343974044937,4.130721990711342,4.138939469171611,64638951.778723404,600542660.6014403
Sep-12-2022,4.530344441054911,4.576843040882507,4.394673137836747,4.406754909877862,95677172.17391305,637711381.9067745
Sep-11-2022,4.348285519436341,4.524708151655529,4.285692620436038,4.524708151655529,63408998.74324324,625279784.1237102
Sep-10-2022,4.318264654245007,4.373888474265383,4.26693171921688,4.348285519436341,65154964.34234234,612927390.1912645
Sep-09-2022,4.075104415077364,4.33552705301213,4.075104415077364,4.318264654245007,61622996.748858444,602371675.6593193
Sep-08-2022,4.11522332174868,4.122519226368879,4.010035980871161,4.073204286697059,52499982.573913045,579018915.4823232
Sep-07-2022,3.9153822677680896,4.127519329750262,3.861105914065917,4.11527891665426,57292449.852813855,549746502.2816733
Sep-06-2022,4.155334705728965,4.244112714086668,3.919369803734465,3.928632327623056,58908374.237442926,570038673.8776066
Sep-05-2022,4.122294978283317,4.167808959465844,4.083579583065178,4.155334705728965,63608782.653465346,583444178.87504
Sep-04-2022,4.019969512177669,4.114051325045118,4.019969512177669,4.114051325045118,45885216.52918288,574274356.6802491
Sep-03-2022,3.9791263031980697,4.016468900971822,3.967740449244787,4.016468900971822,53596739.61111111,564138288.9121028
Sep-02-2022,3.970430371441398,4.043578907665208,3.928628349589991,3.97589128889296,62361202.15625,562645342.3859001
Sep-01-2022,3.929903815009651,3.978739524407177,3.870813056914423,3.964731215699211,74865109.99095023,554079802.8365136
Aug-31-2022,4.005898930562637,4.11641888359349,3.932671865170843,3.937945084620325,136177494.72727272,551382781.5749465
Aug-30-2022,4.025438357069425,4.265961324917492,3.930915396762579,4.011873467588605,111577542.21666667,562598898.3796234
Aug-29-2022,3.81455723580702,4.021928312463641,3.794661606361279,4.021928312463641,71817804.04385965,562470810.2704446
Aug-28-2022,3.735709000190365,3.941186329668814,3.715827278151581,3.81455723580702,58212355.72489083,550110976.8987392
Aug-27-2022,3.745565228304293,3.829747017238708,3.6957963514367296,3.735709000190365,56112019.63800905,542665709.240191
Aug-26-2022,4.041752007804229,4.041752007804229,3.743178095471112,3.743178095471112,54651182.75,565463551.9673533
Aug-25-2022,3.918608757330604,4.056614174256883,3.917626250807863,4.041752007804229,52961448.43601896,571557257.6159195
Aug-24-2022,3.922324924181511,3.9612822449880665,3.8623445965590535,3.921229435143472,49778153.20187794,549412235.8128946
Aug-23-2022,3.958750955053607,3.9623941932988567,3.861868220357045,3.922472177597651,61036921.6199095,550280472.9615506
Aug-22-2022,3.936225168611171,3.958750955053607,3.797218476604333,3.958750955053607,61379707.54978355,557791619.3322774
Aug-21-2022,3.730496379714636,3.9463270691482704,3.730496379714636,3.944372532388616,59047657.36134454,589895755.2633102
Aug-20-2022,3.60842136003611,3.7769325227109447,3.60842136003611,3.730496379714636,59815480.38016529,607463822.3350607
Aug-19-2022,3.8952723169573225,3.8952723169573225,3.602919093332493,3.602919093332493,63472130.222222224,608662255.4695638
Aug-18-2022,3.9836251646016025,4.044254233207554,3.8967804767758807,3.901557594813039,57706308.541666664,650484805.1616937
Aug-17-2022,4.153494987161781,4.201755349340535,3.975702706350809,3.9836251646016025,58580790.33203125,656571563.9515796
Aug-16-2022,4.235939891156659,4.258107364000605,4.109684561068884,4.15034680124095,59086083.5505618,671414329.239721
Aug-15-2022,4.265519343302348,4.381654119539818,4.200383339973152,4.230163946022206,63257405.722222224,699991763.7268724
Aug-14-2022,4.416137936652365,4.470650733926281,4.265029009738679,4.273645016319344,66467998.104347825,720220791.5875169
Aug-13-2022,4.363739286098846,4.456108447690926,4.3436063527072895,4.416137936652365,61539171.87301587,723353502.7061057
Aug-12-2022,4.324258912694456,4.35891295505884,4.247347863101325,4.356335963539713,64955351.680672266,651022766.0683941
Aug-11-2022,4.443482752849498,4.510789491469894,4.316931754807663,4.324446307584504,77985665.18867925,636624775.103669
Aug-10-2022,4.380829715607484,4.516086057595965,4.245829872201462,4.437184848389373,74462549.33333333,615636347.8576634
Aug-09-2022,4.469698120256998,4.4830357511303935,4.255103968309134,4.380829715607484,86374209.18803419,617438614.8866335
Aug-08-2022,4.387779994238769,4.625684480155791,4.387779994238769,4.46713746914323,137457066.25,648094496.3919154
Aug-07-2022,4.165598311339819,4.434780672277068,4.097572514455396,4.387367866773404,83002074.16,617351534.1106519
Aug-06-2022,4.14100773815492,4.206690849239678,4.132609303570405,4.168541147706689,88047328.74493927,602622391.4471871
Aug-05-2022,4.061417580655466,4.285182884004989,4.027569051280812,4.128172502377149,121184740.55555555,603645317.63732
Aug-04-2022,3.9468428184850137,4.07934633789203,3.930183870382278,4.057220835093696,101882619.26717557,575631148.4830295
Aug-03-2022,3.7947573037420064,4.045201815303639,3.741995835570606,3.934514051058785,77317640.44813278,555634779.6688932
Aug-02-2022,3.836580349066081,3.869923051897101,3.695179552942632,3.7947573037420064,83943828.44444445,537996933.514003
Aug-01-2022,3.966091101616798,4.034852972329187,3.783966376982973,3.832295347778719,110667280.47552447,566590319.7981085
Jul-31-2022,3.919219305052931,4.181400066364144,3.919219305052931,3.964758749595081,135710865.91666666,595883953.199749
Jul-30-2022,3.9987129074261327,4.133383798753913,3.898962561647887,3.9166257561243296,201024013.83333334,594300034.182053
Jul-29-2022,3.602864144297811,4.143205919263547,3.601160949121585,3.9979662778732887,190974007.08333334,573554776.2824035
Jul-28-2022,3.484559751738312,3.633362848427253,3.4130102231439503,3.6014481490230392,84196288.87096775,504250075.2529374
Jul-27-2022,3.253016186314313,3.486270735284612,3.23794015280796,3.484559751738312,58273778.30735931,480083424.9578275
Jul-26-2022,3.2568593772697465,3.2568593772697465,3.139420298801085,3.246239155720916,63045853.71428572,464346220.34977263
Jul-25-2022,3.416255070771871,3.417885745285278,3.263776617670363,3.263776617670363,69511037.95260663,491392070.6469319
Jul-24-2022,3.3238295415574144,3.460482295532296,3.308362664027684,3.4233934301665583,66798249.460580915,503321264.54125243
Jul-23-2022,3.361648868259636,3.4470608591294964,3.2559452738890613,3.323215730109167,65456633.614035085,494912805.39872164
Jul-22-2022,3.379110224819884,3.46665992455989,3.341772530464553,3.358237314444038,70206356.94736843,503578243.68799573
Jul-21-2022,3.362648120917872,3.387301390370141,3.249319771907147,3.379110224819884,84464612.75576037,491718713.7614995
Jul-20-2022,3.524228425635583,3.575215425580003,3.3616026786360567,3.3764851451244056,93305304.62068966,506094433.9543634
Jul-19-2022,3.466339955079288,3.570785845414602,3.3645002121677337,3.524228425635583,84398340.45528455,499438688.8096
Jul-18-2022,3.22168023360598,3.4672158577037693,3.22168023360598,3.458720456441782,74959001.35193133,497081512.9575657
Jul-17-2022,3.250282047066162,3.3421695035555405,3.206976270895514,3.22168023360598,67778349.0995671,472764041.5154338
Jul-16-2022,3.130114582325235,3.266300652578855,3.068870435250295,3.2514247639351392,63775117.922413796,457349278.24904263
Jul-15-2022,3.1232261608929512,3.171394841865466,3.079927868336565,3.1313477715054545,62398319.1091703,454405397.26215184
Jul-14-2022,3.035859675112764,3.1318833848514878,2.956852494466008,3.115423549441894,57443585.656903766,443005694.0816868
Jul-13-2022,2.911825436759823,3.035859675112764,2.8559604635682057,3.035859675112764,55862741.85185185,424098296.01825386
Jul-12-2022,2.9614982942944987,3.008161229449091,2.906442678991956,2.91784434310668,59254495.39449541,421094249.96615463
Jul-11-2022,3.1174042810093376,3.1174042810093376,2.95955181251491,2.9674635823309803,55059617.982300885,440839407.61123264
Jul-10-2022,3.199282253880024,3.231438881256356,3.101259602962284,3.1174042810093376,56487217.572052404,454520128.3990393
Jul-09-2022,3.167723125650681,3.231519745837557,3.167723125650681,3.199282253880024,63099202.07860262,462166064.7105959
Jul-08-2022,3.273597657212841,3.325369409499745,3.17236633330702,3.1883671421768285,78553439.13253012,466335320.9365937
Jul-07-2022,3.152469574274932,3.295625408163198,3.121474964566191,3.273597657212841,62062189.383886255,463326999.31064695
Jul-06-2022,3.089860229799735,3.1703943947827966,3.070631088645633,3.152469574274932,70138774.94117647,450393869.1935635
Jul-05-2022,3.1508681424808294,3.1981266791556,3.0368999480714773,3.089860229799735,77791802.21719457,442021140.0462671
Jul-04-2022,3.081927667917724,3.163878074771759,3.0254353708088764,3.157835092621652,66884079.07692308,443506005.6785148
Jul-03-2022,3.0392200844860437,3.1232940389564674,3.0150317049788504,3.081927667917724,60855758.66094421,438166357.15048814
Jul-02-2022,2.999724844051879,3.051838424062852,2.950425008259913,3.0392200844860437,64360319.14285714,429511588.9277796
Jul-01-2022,3.027440804919224,3.1332004845169497,2.9700526569360783,3.006390039930268,85261465.36099584,436295316.410207
Jun-30-2022,3.0428891298809324,3.055940741689187,2.863062412488786,3.021136044763109,78195422.17721519,430073410.54971695
Jun-29-2022,3.173830017687331,3.2077532745299666,3.015852722791945,3.0431849119419274,79468142.83261803,463690374.7932074
Jun-28-2022,3.3166567856592,3.4014333610582823,3.173830017687331,3.173830017687331,77313841.05726872,498752078.62357146
Jun-27-2022,3.311890501351488,3.4363682058089164,3.282617903089354,3.3166567856592,85842579.7264151,509003426.86135
Jun-26-2022,3.368285031200274,3.496871081583716,3.3165728400020327,3.3165728400020327,88627925.86666666,513799623.9509522
Jun-25-2022,3.376984304684772,3.3820254643572425,3.225928446213306,3.368285031200274,90047839.46443515,503801516.46563387
Jun-24-2022,3.2480896116142195,3.4237756030987074,3.236474514241122,3.391252137098812,93310147.72649573,502388226.1913665
Jun-23-2022,3.023204913814496,3.2515983786261837,3.023204913814496,3.2480896116142195,90849744.80334727,475305110.94604915
Jun-22-2022,3.0765986327296617,3.105992606196912,2.9705919993560466,3.026409916688011,97615916.39215687,452274958.5836497
Jun-21-2022,3.017197185611259,3.197205314304745,2.9718952949789554,3.0765986327296617,92774640.15789473,461084068.2734448
Jun-20-2022,3.0097561260784325,3.0773445898633924,2.8801449558037,3.0232492745376085,112252444.42253521,450908952.6225562
Jun-19-2022,2.666590405737771,3.056820562252394,2.6092440564734143,3.0079968589055373,113921321.25,422502955.9283502
Jun-18-2022,2.918861877799397,2.9470495187820287,2.512027468562525,2.6666294965050024,80546876.43290043,407802706.8083162
Jun-17-2022,2.864785519801273,2.9919160306709087,2.855001005427414,2.9244907734917844,104885239.01858737,440962837.9573197
Jun-16-2022,3.234589259460846,3.291969427229282,2.842017096966123,2.8578379791891,151939635.59581882,459571969.62301683
Jun-15-2022,3.131606601202257,3.2493182050194007,2.742584663309677,3.221714312359448,142203896.3611111,452189971.95854086
Jun-14-2022,3.2406544137830053,3.338143689434655,3.01294442730499,3.1345607137107163,177647304.42105263,476365499.3444338
Jun-13-2022,3.873708120220837,3.89079731457043,3.149335334442804,3.231961884092933,169505307.77622378,512192272.69529265
Jun-12-2022,3.994716185312318,4.089794148628606,3.7429254849964537,3.8847420264014536,120005513.48251748,589044050.4442075
Jun-11-2022,4.22166452415448,4.263689687848909,3.943698639256809,3.994716185312318,96425912.15810277,621403838.3660158
Jun-10-2022,4.376157675024415,4.406306020301961,4.214022601966104,4.22166452415448,84547169.70967741,648579601.570701
Jun-09-2022,4.456251528728612,4.47883673221474,4.370147993485172,4.376157675024415,78585555.74074075,697695545.5687723
Jun-08-2022,4.4504342993362975,4.528589239919705,4.401820494986992,4.456251528728612,121437704,735045234.101528
Jun-07-2022,4.556552360167631,4.556552360167631,4.253954896345432,4.455021221284456,198608148.16666666,711715990.3223643
Jun-06-2022,4.3825992531259,4.835840569210879,4.3815564577213495,4.552128070034415,188747408.89198607,769636202.2222986
Jun-05-2022,4.269641449618307,4.437172348656261,4.211082401712311,4.3825992531259,81057595.87555556,736767585.0261996
Jun-04-2022,4.225055173751172,4.298075833727455,4.186417895382836,4.268961599131557,81010080.40930232,700266586.5712981
Jun-03-2022,4.358356382192589,4.368827790834006,4.182274427693438,4.221752754329094,81682008.06639004,705392435.3011411
Jun-02-2022,4.324054357704183,4.37215911000918,4.261180085179656,4.36529125156535,99361802.63414635,714356434.9402342
Jun-01-2022,4.643812522016806,4.673857957195151,4.292804763564104,4.332993909394184,105156292.39694656,750568263.8986813
May-31-2022,4.7816268214966975,4.795909370128936,4.587093364166234,4.653222417203044,124999464.3611111,774189089.661062
May-30-2022,4.449554596439382,4.826823349388333,4.441199379959808,4.784289154356461,109831409.73782772,800224010.8271638
May-29-2022,4.35480954538399,4.449554596439382,4.263041033260905,4.449554596439382,73187214.92063493,805861950.7660493
May-28-2022,4.2866884218511645,4.38042946757905,4.226620628042863,4.35480954538399,88818133.07086614,800318990.9901496
May-27-2022,4.379276831548433,4.421800071163238,4.196900502291075,4.285280974598638,125320941.75,801756279.0199323
May-26-2022,4.773652341235529,4.834339288349966,4.341812930914971,4.4155021358157,113763724.81118882,854099600.2020767
May-25-2022,4.866910539554091,5.003977887689992,4.75084572609707,4.775968132208858,122684937.16666667,905556367.3090785
May-24-2022,4.797504252758674,4.96656880701489,4.693235091308987,4.870939711009688,149197772.6111111,899129046.7706733
May-23-2022,4.842752989129195,5.128458027668201,4.741823607913038,4.790169809210296,137308920.36619717,1276996408.4325047
May-22-2022,4.571998370087701,4.842763403219662,4.571998370087701,4.842763403219662,88309898.8235294,1418739794.9802787
May-21-2022,4.427894013274261,4.610375336251246,4.394088819317403,4.571998370087701,85281087.92626728,1353722979.082292
May-20-2022,4.566480053003529,4.642774202188323,4.355021276843496,4.439082707335668,94177850.04878049,1341355331.696349
May-19-2022,4.315107977371719,4.572846425658876,4.300640040522698,4.5703900055227145,108091822.48951049,1320924239.0931385
May-18-2022,4.71318297485693,4.759206627490502,4.317818105053191,4.317818105053191,112683997.46341464,1345600810.6013296
May-17-2022,4.516321411033262,4.77225668784738,4.512086956367863,4.719754704272934,106346426.31884058,1380142027.2196515
May-16-2022,4.669162153189639,4.669162153189639,4.366996666222074,4.514018082668946,109076171.46853147,1337468830.3447275
May-15-2022,4.299909796333208,4.672009413064112,4.155738386057104,4.670116391906517,98797713.04347827,1293053656.0697606
May-14-2022,4.32012965297425,4.389772070565593,3.994082196956627,4.307317618687224,121999808.52777778,1243438626.1690502
May-13-2022,3.87176669450399,4.715746968565798,3.81416462322728,4.313550164821894,4154491347.7777777,1298147804.9967432
May-12-2022,4.242246923554395,4.392291832723762,3.29528741425798,3.8782657094628377,286190889.3333333,1165200442.3189766
May-11-2022,5.827565499984242,5.884519327957503,4.1210188276863375,4.229116353846348,215394620.543554,1477799071.2542045
May-10-2022,5.625885979840002,6.288152448455966,5.430612186865497,5.822511980392431,265325159.66666666,1747682686.9448597
May-09-2022,7.002980547533221,7.123335761598796,5.669425215970406,5.678797721967423,175818904.87323943,1916507804.4703314
May-08-2022,7.276674331565968,7.285990851524542,6.823542113810499,6.982986303793841,141042703.83333334,2068304051.3225741
May-07-2022,7.457960523250252,7.485129873170509,7.200360368796838,7.288046387471407,132039705.41666667,2186474322.4970646
May-06-2022,7.52631908034631,7.541262492003361,7.325797609512668,7.461575999973493,198461378.2777778,2195284839.3796506
May-05-2022,7.78027587729402,7.904688575552,7.256853086520964,7.521235419966313,184399690.2020906,2224483728.5704947
May-04-2022,7.408043250565392,7.818816637279623,7.393807627767918,7.776137417617724,135417524.68571427,2199390652.116422
May-03-2022,7.644765999807257,7.713413261356518,7.396541490806699,7.407136600694303,147955764.0277778,2211876226.4616327
May-02-2022,7.731755136146392,7.789055027322707,7.5205117175763,7.645334439415574,171878616.15444016,2264498895.5221434
May-01-2022,7.25903287815627,7.7176835524607315,7.203837497021581,7.7169421443907025,208065473.2043011,2164502847.239804
Apr-30-2022,7.719718737771677,7.905808487099005,7.281609775138043,7.281609775138043,230631899.2222222,2243446598.6511145
Apr-29-2022,8.262524056585821,8.342245119783417,7.678681778076366,7.718435623601953,417724393.3333333,2297572785.800387
Apr-28-2022,7.576994783628756,8.33305581965427,7.45548015625074,8.26623518012319,342117401.73426574,2303384296.539858
Apr-27-2022,7.544976439732871,7.835330890351041,7.42100141331966,7.564498611211214,349892467.6111111,2196659795.3948026
Apr-26-2022,8.901933121264296,8.962034794941719,7.537614752416784,7.537614752416784,386121033.8888889,2342328112.6512957
Apr-25-2022,9.298261526483442,9.298261526483442,8.668619368539659,8.95006754316501,272863348.5714286,2578371221.0991235
Apr-24-2022,9.302833356239962,9.633259138281929,9.302833356239962,9.315386333464406,195917851.16666666,2723724342.5208063
Apr-23-2022,9.26402534345332,9.533443363931031,9.170571386537253,9.307254902085424,197504301.2777778,2694327128.7592607
Apr-22-2022,9.031764718060144,9.417945164992869,9.01540192228191,9.266241796861902,249270180.02797204,2664276820.283963
Apr-21-2022,9.15759884575596,9.703370313405236,8.989029961559197,9.030572144860653,304106866.5555556,2687177354.439423
Apr-20-2022,8.62435629129766,9.159521343697726,8.57684710691274,9.157629441796267,231188377.0313589,2523416906.9484115
Apr-19-2022,8.454563343649962,8.623049164611114,8.394146112858236,8.623049164611114,168003368.2508711,2422371519.8486977
Apr-18-2022,8.392973763734856,8.453802918391863,7.940576248109215,8.452443086690085,186864600.5,2339859063.0927095
Apr-17-2022,8.22407564095113,8.455629073719047,8.181710106636844,8.395782983109893,111212221,2352550525.1861353
Apr-16-2022,8.146433989751616,8.23481458433818,8.070950171763654,8.227086250473487,116233076.75,2321539199.559779
Apr-15-2022,7.944447000720418,8.161457613044865,7.941344986640953,8.145650737554643,148222338.05555555,2290142335.9753094
Apr-14-2022,8.275596297816962,8.32377324023026,7.923095513462659,7.946173818452669,153897545.6117216,2308409807.2331553
Apr-13-2022,8.053034574766098,8.274560596569792,7.934234193740978,8.274560596569792,157151522.23776224,2298707022.0228972
Apr-12-2022,7.616899576996789,8.239727071628128,7.602719890133804,8.061627652219386,187391397.33333334,2250910785.919337
Apr-11-2022,8.681445881465892,8.681445881465892,7.594653102182241,7.615798733912966,190698534.0355872,2316949055.659766
Apr-10-2022,8.621677906879494,8.621677906879494,8.621677906879494,8.621677906879494,135131632,2436352445.6381316
Apr-09-2022,8.421595392134723,8.61078272433858,8.364672599982589,8.61078272433858,170824287.25,2393690419.945182
Apr-08-2022,9.006626129462441,9.21763707718798,8.399060633370278,8.417875361935991,196310398.8292683,2500291207.856543
Apr-07-2022,8.456509333426514,9.043463966161406,8.456509333426514,9.0254911476559,249251571.94444445,2483368964.0483303
Apr-06-2022,9.509722325105113,9.517949682634866,8.375920101844926,8.477998252046696,268352823.63763067,2516680600.268632
Apr-05-2022,9.905699036222003,10.062185513320811,9.532996005314793,9.532996005314793,353060936,2753378987.168368
Apr-04-2022,9.734829866862707,10.21177519935575,9.311471620543587,9.901973705587196,414709871.4444444,2749065884.241152
Apr-03-2022,8.995062706422322,9.848816826256488,8.885570858091718,9.705757973899656,234573892.16666666,2601706818.1084967
Apr-02-2022,9.311111868304431,9.481401897594134,8.95590705229132,9.005347494785928,330336540.5555556,2582383718.141562
Apr-01-2022,8.797504854233072,9.52315184579965,8.404667405726146,9.2675189266682,424424343.8606272,2518859850.324118
Mar-31-2022,8.75116472124563,9.49873708305281,8.471088826988773,8.813029995950632,300830349.71428573,2494601989.208494
Mar-30-2022,8.66546473786946,8.835123766330963,8.310261647568716,8.76882581124373,285018829.1111111,2403176428.546835
Mar-29-2022,8.01481626286763,8.853592393670139,8.01481626286763,8.67225731741499,254912922.3888889,2367203438.160393
Mar-28-2022,8.068432809863221,8.477383095019487,7.939954269489096,8.009942333428672,240699579.94444445,2316494876.470821
Mar-27-2022,7.330728107510474,8.068105181560545,7.330594852331162,8.059396166995716,140763496.55555555,2104133615.1978493
Mar-26-2022,7.066185971041623,7.349546314529567,6.9347469608569945,7.3419310948633,158341851.05555555,1998941524.163995
Mar-25-2022,7.134558057085209,7.495894594471426,7.022635356666719,7.090050132855116,166321966.05555555,1996389986.089405
Mar-24-2022,6.933298676713551,7.142930383102194,6.894008492353899,7.134899322558673,132833180.47222222,1942732299.3569849
Mar-23-2022,6.9273993491534185,6.962283333093341,6.704178406931553,6.939498384785269,144787560.02787456,1889189060.607946
Mar-22-2022,6.582757508945867,6.97800460383967,6.544919151733323,6.926267378584298,169256637.2777778,1882954288.6921904
Mar-21-2022,6.270582644521904,6.645208743900354,6.2416993126098745,6.581450169533405,171198197.1388889,1818617772.7207506
Mar-20-2022,6.4631929832967545,6.468967120887381,6.180836094632325,6.280327190140026,140843839.7222222,1754109577.574312
Mar-19-2022,6.3926669339131,6.568726929211398,6.264767568148705,6.455473196685148,196911612.8888889,1780843936.4793816
Mar-18-2022,6.71304293575789,6.719289464325112,6.068999424712644,6.408080571383266,484451948.4444444,1762410236.5631566
Mar-17-2022,5.583224745354163,7.127332767924647,5.545155109582887,6.678719982207173,329322181.9166667,1688153015.8820887
Mar-16-2022,5.5090535962973455,5.614647481782265,5.36181703557856,5.5766717025197305,130988140.02777778,1521255523.8609414
Mar-15-2022,5.719581147722101,5.729280260479545,5.334284848176499,5.513640218077666,109579178.32727273,1522134352.5761316
Mar-14-2022,5.752096053549731,5.881716257511128,5.574627362223946,5.719581147722101,97539694.42152466,1595143514.2381835
Mar-13-2022,5.956753055638565,5.982224489873991,5.7594441366641655,5.763661506477244,72948666.03669725,1626638821.6232278
Mar-12-2022,5.929374222340132,6.031313124900524,5.904976468542228,5.963183881833789,94811333.98214285,1650555382.6515079
Mar-11-2022,6.140883503416104,6.140883503416104,5.876138243125334,5.938514928540204,123790864.19444445,1652488955.4805334
Mar-10-2022,6.239591536656185,6.255165065641409,5.89714616333234,6.120154277435928,111165988.8888889,1665439498.053984
Mar-09-2022,5.979180569665735,6.346475445701313,5.979180569665735,6.241503170387849,112039223.71428572,1706564711.1035404
Mar-08-2022,6.055338731977862,6.081710136961684,5.924873105187984,5.980257644071475,99740704.92664093,1650188611.2218592
Mar-07-2022,6.099633717063861,6.175591052520404,5.877423214714344,6.052839660544133,99251409.125,1659275006.1309216
Mar-06-2022,6.197430771332539,6.247887417945432,5.986637369815661,6.105607806320713,77011435.11297071,1679039130.0111258
Mar-05-2022,5.980553045215623,6.212890704577653,5.915675795379124,6.189741344426124,99819021.22834645,1662025236.6428988
Mar-04-2022,6.573208999908063,6.573208999908063,5.936761314215226,5.988097290329458,97889543.01538461,1724597579.9327476
Mar-03-2022,6.830338900013154,6.887352367204872,6.52626332249095,6.575110734714095,110649846.7279152,1830698436.876223
Mar-02-2022,6.7587018764886455,6.855080082281377,6.637845978787218,6.828783573503643,137141137.4722222,1837489690.776404
Mar-01-2022,6.836773185913712,7.053027490813527,6.689523997233989,6.767660054899599,140230596.2777778,1856206835.6112864
Feb-28-2022,6.228160765449037,6.839077842303956,6.177421867023256,6.828719156107884,116987999.75,1771818939.972034
Feb-27-2022,6.4958966499834085,6.671388657038762,6.194533972710763,6.237493622827483,95184060.4262295,1750587300.0663939
Feb-26-2022,6.612704577387257,6.768661122339958,6.451273658549546,6.482873553986622,104588445.02941176,1780443432.5874186
Feb-25-2022,6.3087248328132,6.657501464547941,6.287398154027507,6.608404203091987,155277359.58333334,1743986760.4538412
Feb-24-2022,6.840244084070321,6.870777090921432,5.618116048812016,6.298374009963779,187470307.5277778,1655030202.9578936
Feb-23-2022,7.177248037636931,7.230577129339467,6.839943361981502,6.858332612095554,121408681.25,1914929197.5073738
Feb-22-2022,6.881060507376494,7.186194093271208,6.734363899654504,7.186194093271208,161271619.2777778,1876361540.96064
Feb-21-2022,7.366144432379838,7.763402956897294,6.875056887592583,6.875056887592583,144687984.5277778,1995296693.087443
Feb-20-2022,7.766224446850148,7.767205485480733,7.28589347058988,7.376767198929365,125937283.25,2007628569.2556262
Feb-19-2022,7.724717111151599,7.852116312531599,7.51137565518352,7.769789729980797,131148815.22222222,2076929314.7068028
Feb-18-2022,7.848541989839443,8.03121543045571,7.673247186106852,7.73664309911558,110793097.2543554,2108423961.7356749
Feb-17-2022,8.23131203524939,8.290798845997578,7.795127017169667,7.837828130939728,104482290.5,2175888116.5779243
Feb-16-2022,8.32629211574156,8.32629211574156,8.103320804207137,8.25062585309858,118324635.85915492,2207714701.283998
Feb-15-2022,8.044597719703734,8.489326249066714,8.02343623674421,8.340393352439115,139339734.2777778,2217186615.725764
Feb-14-2022,8.017216733742773,8.057628286408839,7.825961785495003,8.040442574529271,135051532.4631579,2136660350.757258
Feb-13-2022,7.81291095664243,8.057979993848692,7.782017551013526,8.037877205142543,97127371.21461187,2109474241.325485
Feb-12-2022,7.77335780978415,7.909371642123996,7.704309641064485,7.799945006543389,134175305.1388889,2086365846.274953
Feb-11-2022,8.061670871157272,8.174855893108528,7.671345978220092,7.768156860552349,153502384.05555555,2143536476.9692502
Feb-10-2022,8.208107657329354,8.42819528910328,7.988095683471615,8.070116765000835,137938164.2777778,2188316263.928494
Feb-09-2022,7.995397148750911,8.346749732934352,7.972464086925766,8.199259388540222,154749961.6388889,2177576884.937887
Feb-08-2022,8.49228371706504,8.683395081872094,7.846482596852384,8.006768777198321,174158523.05555555,2186565529.3402967
Feb-07-2022,8.269749340770534,8.550593075623445,8.093131150685299,8.514109017601141,165233352.3888889,2238176240.8307595
Feb-06-2022,7.92770820101934,8.282683123068788,7.8821766868340575,8.257886893169442,145204244.3888889,2125230188.7900047
Feb-05-2022,7.844438540202814,8.295672210196452,7.768116215574335,7.922655756173213,182730622.44444445,2112290605.4514225
Feb-04-2022,7.234720848374671,7.849257317448894,7.198878817388755,7.849257317448894,121018576.94444445,1975729985.259
Feb-03-2022,7.263417960408305,7.2862708580531965,7.024158216054593,7.207126105843206,117837344.8888889,1897420620.8628356
Feb-02-2022,7.710644772608023,7.710644772608023,7.24993359990768,7.253143770805193,118560999.1111111,1989104483.2103376
Feb-01-2022,7.397345548545939,7.755339633651902,7.396293865531589,7.721781398108751,132720459.94444445,2011330026.4693022
Jan-31-2022,7.410233922043295,7.588939953221916,7.123611305062949,7.404718743638506,133528103.5,1941584292.4280815
Jan-30-2022,7.233483443877326,7.557688266895133,7.16488038230987,7.4185031629686655,121719829.08333333,1929268738.1184604
Jan-29-2022,7.151450832295504,7.39027652131789,7.112177695295338,7.227286827178732,146598183.58333334,1904607030.230679
Jan-28-2022,7.189040900106555,7.246899308837609,6.908518060727219,7.146547140480274,193248168.33333334,1862330273.3153222
Jan-27-2022,7.459442498801513,7.521953814386123,6.89939359914539,7.1953907703686095,190792635.2222222,1888646019.513432
Jan-26-2022,7.662852826773959,7.99872127471029,7.29954904615307,7.458608274133761,149591300.7222222,2014953480.7097995
Jan-25-2022,7.667489274254141,7.823357735069867,7.282006154520118,7.684955156389336,202927291.26132405,1971488386.8949153
Jan-24-2022,8.168458951635982,8.168458951635982,6.8617956696067735,7.698381256412482,200506587.16666666,1966590375.725566
Jan-23-2022,7.507579874668253,8.405822039042304,7.507579874668253,8.162713276316373,282128334.1111111,2084727538.724272
Jan-22-2022,8.933689328987581,9.023290833511506,6.976559723530556,7.500803366355609,350508016.72727275,2053322182.9434571
Jan-21-2022,10.28247342315045,10.372127459963462,8.834727704369103,8.901173480148863,216837597.44444445,2581125231.971573
Jan-20-2022,10.603836322994518,11.07581874314966,10.28358522212582,10.28358522212582,147763768.4722222,2801316547.8197
Jan-19-2022,10.935,10.935,10.404697769270772,10.604312564021535,165423557.99303135,2778139860.4359255
Jan-18-2022,11.272712642953476,11.3988,10.554886735438927,10.9315,179469069.2222222,2844066203.82086
Jan-17-2022,12.055756472961829,12.055756472961829,11.1027,11.272071188537094,191549076.05555555,3041635796.1331043
Jan-16-2022,11.728836547356412,12.1354,11.636855219931665,12.059570954600872,160623494.83333334,3084875527.2967777
Jan-15-2022,11.295009263024571,11.949463927475332,11.230907456438494,11.734267885050643,143946309.33333334,2987424579.5112658
Jan-14-2022,10.9165,11.339872747263904,10.8323,11.291397716805044,140227314.5277778,2868037621.4999547
Jan-13-2022,11.3074,11.347410543064186,10.803897079668108,10.9321,148891322.30555555,2858967000.4474926
Jan-12-2022,10.9006,11.349286079415108,10.691115076593393,11.2923,162072354.66666666,2844969488.301721
Jan-11-2022,10.3753,11.096161025303868,10.295871369943416,10.8984,184374112.05574912,2770656283.550952
Jan-10-2022,10.75733457194146,10.9068,10.084396812229858,10.3815,151741046.44444445,2723909226.42283
Jan-09-2022,10.238801609413189,10.955273948986443,10.195877193315605,10.761898176941273,159092653.2777778,2707957921.9192524
Jan-08-2022,10.4423,10.864670077295866,10.0681,10.25110134196004,171875941.7777778,2711202920.472518
Jan-07-2022,11.07658717621766,11.085415947220676,10.192017116308207,10.4342,181457372.7222222,2707984437.2413335
Jan-06-2022,11.2867,11.3828,10.791171212270786,11.08986920594727,195652980,2841377385.879963
Jan-05-2022,12.028266929051554,12.1695,11.0739,11.3093,141154680.19444445,3025983589.45968
Jan-04-2022,12.1365,12.3052,11.899219384278869,12.03852475743546,141891436.1111111,3046943443.044756
Jan-03-2022,12.3366,12.4602,12.023825419913678,12.1352,136636177.5,3083129576.6951475
Jan-02-2022,12.0126,12.5316,11.8483,12.344,108396644.70250896,3050380530.905402
Jan-01-2022,11.744967735993823,12.0773,11.744967735993823,12.0126,119278312.87943262,3008936690.6866813
Dec-31-2021,12.0168,12.142,11.606074343360424,11.785738133330923,123441043.66666667,2995338001.8841114
Dec-30-2021,11.821861315690503,12.210691665497729,11.76216404970835,12.0199,152139246.5277778,3034896414.40228
Dec-29-2021,12.2316,12.394813015935032,11.78118679593626,11.800633235834455,162633826.7222222,3040530101.35958
Dec-28-2021,13.130336007772328,13.130336007772328,12.071479121038148,12.2672,208623754.6111111,3162369784.2411747
Dec-27-2021,12.813168920714212,13.3023,12.5145,13.13962620935116,181576774.16666666,3248396977.636822
Dec-26-2021,12.308590258640503,12.875823287029288,11.9942,12.81588201311341,153023491,3126211014.6552067
Dec-25-2021,12.3434,12.5157,12.196,12.338832366371612,152850931.2222222,3107084235.854606
Dec-24-2021,12.258403898503715,12.580452210138551,12.1516,12.331,187214006.1111111,3634930277.4995146
Dec-23-2021,11.8634,12.464411283373492,11.57860359854906,12.25712213369378,156593791.8888889,3317982139.5370564
Dec-22-2021,12.0041,12.08006037885882,11.875708532986122,11.876837782326213,160438452.7777778,3013780745.634014
Dec-21-2021,12.08286606394996,12.328120845619488,11.837922542663268,12.0103,184603061.55555555,3017678666.6222215
Dec-20-2021,12.518551893744831,12.750019584160947,11.87759192752116,12.079910742412508,165176552.2777778,3068835366.984812
Dec-19-2021,12.657395284746476,12.725,12.306532774523667,12.5231,150746799.3846154,3140617045.906761
Dec-18-2021,12.432585889860764,12.8721,12.249054155871406,12.607280402382363,201552010.14084506,3163342104.93485
Dec-17-2021,12.5863,12.7706,11.766773116075091,12.478359328903728,170611985.25,3098345770.4847236
Dec-16-2021,13.1568,13.1965,12.5594,12.6069,249255742.6111111,3204401964.732127
Dec-15-2021,12.533132972267897,13.445776761131937,12.0025,13.129,371622086,3195285755.4045944
Dec-14-2021,10.942,12.603486344728813,10.8982,12.534277562284364,233884962.62020907,2914102307.0951114
Dec-13-2021,11.613974665035329,12.077310233917062,10.8323,10.9469,178368882.7137809,2852862862.1501794
Dec-12-2021,11.317701140204504,11.6628,11.198,11.610563772817915,108152999.41818182,2833385002.489699
Dec-11-2021,10.7466,11.351606955318976,10.7466,11.32058378133633,158354938.58333334,2765230657.8232927
Dec-10-2021,11.494047897747055,11.617711247015292,10.7764,10.7764,163027264,2794404034.767997
Dec-09-2021,12.469240763132907,12.574229923307009,11.4332,11.540967190088226,163023363.55555555,2952859311.6201377
Dec-08-2021,12.095550917686708,12.451219999698896,11.688249657965278,12.451219999698896,167562458.3888889,2983778980.38879
Dec-07-2021,12.316331819540196,12.5786,12.025,12.08690333422184,257410925.6111111,3036550863.326605
Dec-06-2021,11.0685,12.43353470265044,10.9041,12.293611632476509,317264013.2777778,2935432127.0561175
Dec-05-2021,11.587217367282795,11.667558909157556,10.6568,11.05,234968424.7777778,2746584095.7046747
Dec-04-2021,12.5527,12.5527,10.3209,11.561972657499604,310132192.2777778,2846667332.6992664
Dec-03-2021,12.595852734105284,13.280998013653456,12.372040608468737,12.599,649460959.7777778,3197636959.6596394
Dec-02-2021,13.4773,13.531044215852924,12.174298421100492,13.08364408832124,8061985140.444445,3245898804.9269586
Dec-01-2021,14.03374864666038,14.6484,12.761641640790671,13.4358,1782905592.7777777,3431434574.8018775
Nov-30-2021,14.58924888169659,14.72580019058811,13.8117,14.021829355795944,251629369,3474331594.1292863
Nov-29-2021,13.496246826787363,14.7125,13.408576408945647,14.604037851926948,254194227.3888889,3487415819.211556
Nov-28-2021,13.085792937762598,13.518042204956236,12.583940285018723,13.488609337441403,191199351.94444445,3177778440.573078
Nov-27-2021,12.80104865440752,13.608356409095157,12.80104865440752,13.07016871125234,326899336.0555556,3234830424.4858904
Nov-26-2021,14.442448523270505,14.6575671157184,12.256976304487884,12.813322482730662,384041455.0555556,3259025046.855845
Nov-25-2021,13.9546,14.623697990022842,13.9032,14.443383462985077,288447342.8888889,3495930021.147813
Nov-24-2021,14.81323809006189,14.8439,13.681737179217198,13.9385,230932142.33333334,3487100842.343249
Nov-23-2021,14.944252295643226,15.314599026258108,14.672628304165771,14.800042439059863,217519651.5,3630042275.6734595
Nov-22-2021,15.286875391284834,15.7435,14.6955,14.9714,264865232.95104894,3721290301.468073
Nov-21-2021,15.887989419166257,16.019657571621067,15.0637,15.280823376605433,206769397.2777778,3758302731.0811253
Nov-20-2021,15.973224180033544,16.2163,15.2978,15.915211823596882,176786727.91666666,3841436543.9457226
Nov-19-2021,14.86756827314864,16.2199,14.6292,15.978819734069068,382671660.9444444,3783620443.6348224
Nov-18-2021,16.4688,16.780707344872052,14.2747,14.853,328698631.1111111,3814121431.1384416
Nov-17-2021,16.873533130301333,16.873533130301333,16.0727,16.4595,420615815.2222222,3970203543.146396
Nov-16-2021,18.5078,18.5078,16.65071008818539,16.9034,363755403.2777778,4295073761.165668
Nov-15-2021,18.30851733859884,19.07682391628629,18.30851733859884,18.51333694252153,240084864.8951049,4618009283.411991
Nov-14-2021,18.4426,18.52110755617356,18.033717278152785,18.213990375218398,189092212.68292683,4420630581.266202
Nov-13-2021,18.28513443815881,18.6685,18.056395207904156,18.45153878189808,203461829.7421603,4434645793.742068
Nov-12-2021,18.87392211829673,18.95132973917053,17.952735627381855,18.282381898595933,236026970.8888889,4449827835.162458
Nov-11-2021,18.321196375899824,19.117974920491832,18.05637437325356,18.88440417211889,414523767.5555556,4505075498.968891
Nov-10-2021,19.73983884987527,19.81148629501267,17.8342905956151,18.26001701228614,273725368.6666667,4667409797.163564
Nov-09-2021,20.109251592349157,20.1682,19.70724888210896,19.7378,291521200.11149824,4784722065.908916
Nov-08-2021,20.21941607338492,20.244282555647874,19.647896613423057,20.126887968844063,423322339.6923077,4835801517.498129
Nov-07-2021,19.202407276631483,20.4646,19.11357890561956,20.18406998475569,337115611.8888889,4784367427.7956505
Nov-06-2021,19.472136673350622,19.57841475037059,18.84462795709037,19.20093230507893,360197105.6666667,4597435712.727092
Nov-05-2021,18.8257388483482,20.2524,18.6741,19.47846618305097,454079170.6666667,4658442450.632259
Nov-04-2021,18.943892384311248,19.466034436526005,18.54313967567996,18.83117651254421,459160301.0452962,4509919531.839144
Nov-03-2021,18.538569791587413,19.0143,17.996587366369173,18.947793024247364,292280702.3888889,4402095767.05067
Nov-02-2021,18.44085477274795,18.85293763807821,17.9061,18.547919366705298,316581523.4006969,4376878564.387
Nov-01-2021,17.679251628136395,18.475186657887875,17.35005615813043,18.45694435098816,295453111.3333333,4291905211.193571
Oct-31-2021,17.9643169351285,18.1156359018955,17.289868588869098,17.67549584336679,250234276.66666666,4197630424.5624347
Oct-30-2021,18.585983083731268,18.842570289991635,17.749348066856598,17.929478830889842,312209446.3888889,4299661885.244445
Oct-29-2021,18.23274061675553,18.88525970850365,17.609563977668397,18.57605729027134,381712779.8888889,4320361052.744231
Oct-28-2021,18.1463,18.64145894075818,17.859455570784366,18.2043721907764,397849956.3333333,4305084501.319041
Oct-27-2021,19.3664,19.507995643806147,18.086790197754457,18.173,390505388.2222222,4407764950.592328
Oct-26-2021,19.86502529201786,19.95400817544625,19.345,19.3847,255204022.7777778,4668664613.696736
Oct-25-2021,19.523196033570574,20.089543347806085,19.454989400276634,19.864154284778,250546689.33333334,4684743755.98645
Oct-24-2021,19.8623,20.0563876794198,19.35260240256235,19.53173089003006,204747390.1111111,4645691560.936857
Oct-23-2021,19.761941096727075,19.91734759468571,19.632922212601013,19.8474,257137230.1111111,4646747585.048139
Oct-22-2021,19.89435136805917,20.561645983631173,19.639446018182237,19.7643735919643,337009215.3333333,4701884267.0306225
Oct-21-2021,20.428649738071663,20.69333918942336,19.764160172025036,19.91549450385541,373950407.1111111,4715823497.429287
Oct-20-2021,20.1098,20.528198556169635,19.808062314097963,20.444751165847237,277708077.2777778,4696464226.351882
Oct-19-2021,19.8178,20.2561,19.7997,20.0974,263628729.83745584,4657893416.518252
Oct-18-2021,19.47323898453771,19.84586118627805,19.37909016187865,19.8049,238064650.46153846,4611910647.033549
Oct-17-2021,19.76878857162317,19.85892457274803,19.15400805588071,19.46884670619424,203265145.2,4574861578.892095
Oct-16-2021,19.8551787807434,20.03773687681459,19.6233,19.773301960321245,282860043.7031802,4608429238.190971
Oct-15-2021,19.920127498260563,20.06359350803172,19.312,19.855241583064643,350201302.79298246,4572324256.016892
Oct-14-2021,20.3025,20.767141631439323,19.7757,19.931450466595447,556054536.4805654,4669313445.946109
Oct-13-2021,19.410895019579197,21.023533189969893,19.392190898530476,20.2815,772159557.8798586,4660557167.887409
Oct-12-2021,18.798151121742627,19.35802810808503,17.7984,19.32568511550788,311827081.5539568,4346901692.849276
Oct-11-2021,18.6213,19.4401834137046,18.510339048248763,18.798151121742627,237991331.84452298,4402431423.258112
Oct-10-2021,19.67030715255821,19.688968840750384,18.6029,18.6088,214905378.44444445,4425867411.402571
Oct-09-2021,19.5275,19.92499411830284,19.4761,19.679012169607844,287701942.4444444,4543939244.102528
Oct-08-2021,19.46962199410122,20.147466385657623,19.067720338464003,19.5123,415316869,4504917420.897537
Oct-07-2021,19.787354203104293,21.15750274065391,19.33110464737638,19.49029931651359,474619934.4390244,4540617741.615904
Oct-06-2021,19.86210302358786,19.88659930898217,18.688461696272974,19.806222520898103,308194625.4444444,4463935092.365218
Oct-05-2021,19.3172,19.860052749302564,19.1978126070561,19.860052749302564,236936189.55555555,4443626126.365916
Oct-04-2021,19.6734,19.6734,18.9544,19.3084,229882850.3888889,4416137406.079866
Oct-03-2021,20.04389535711417,20.2064,19.548192230175854,19.6656,250127560.5,4529234110.040755
Oct-02-2021,19.95417450801257,20.4357,19.4671576134766,20.0484,282267999.6666667,4555511384.71324
Oct-01-2021,18.864791733180155,20.06939219426037,18.71390272609565,19.92189779813792,272523540.0555556,4415842156.5069475
Sep-30-2021,18.5073,19.3234,18.4456,18.873899161870995,283270269,4263043454.9619727
Sep-29-2021,18.088,19.4391,18.0605,18.4828,257139684.60350877,4217956535.846027
Sep-28-2021,18.442642566487773,18.6477,18.0596,18.0596,225322442.84249085,4148785217.4807897
Sep-27-2021,18.6435,19.741,18.4453,18.495751702661707,401140992.9078014,4335908193.318035
Sep-26-2021,18.51018652186852,19.218510181401808,17.046347950959433,18.6297,290133373.1034483,4166630814.3737917
Sep-25-2021,18.8581,19.0465,18.005355326422503,18.54686803650748,327597787.4285714,4181848544.635103
Sep-24-2021,20.0886,20.1088,17.5766,18.8433,352462121.0385965,4256624749.0143266
Sep-23-2021,20.19460327584179,20.528108467380168,19.618897324374714,20.0832,305535980.7108014,4506555572.057691
Sep-22-2021,18.0007,20.18106742603734,17.845904057267774,20.18106742603734,420210618.3333333,4297229268.821828
Sep-21-2021,19.0505,20.0038,17.70941405677751,17.978,541352512.8888888,4261369323.4303665
Sep-20-2021,22.7715,22.7715,19.030257371124797,19.0933,503968682.25783974,4603514724.879254
Sep-19-2021,22.421,23.626741139117883,21.9328,22.7203,228313426.8888889,5047945863.938037
Sep-18-2021,21.3183,22.9699,21.1131,22.4363,254927125.2404181,4994167622.088232
Sep-17-2021,22.3254,22.3369,21.16786984889009,21.239,251445073.7777778,4832271845.090532
Sep-16-2021,22.5801,23.042816850814543,21.9375,22.3344,322716009.36585367,4991500513.391545
Sep-15-2021,20.7895,22.8284,20.57977640655731,22.5369,292018681.9790941,4872151224.511764
Sep-14-2021,19.444424285727838,20.757,19.3021,20.757,212456141.37979093,4485761917.358205
Sep-13-2021,20.4473,20.5856,18.58383455914417,19.47251344243083,228904717.93728223,4339332378.1646
Sep-12-2021,19.605,20.7237,19.338752328902107,20.4453,169524184.64111498,4501505967.570721
Sep-11-2021,19.0733,20.104323754459685,19.0733,19.5844,229440273.0034843,4393284603.622184
Sep-10-2021,20.5309,21.47513164295226,18.8327,19.0669,271301178.6105263,4451702809.172789
Sep-09-2021,20.1247,21.13465324984101,19.609,20.5468,323449365.8888889,4440533444.31051
Sep-08-2021,20.7979,20.7979,17.9687,20.1015,551704948.1111112,4359326937.03335
Sep-07-2021,24.5491,24.8883,19.514,20.9148,371602186.4444444,5002985774.824277
Sep-06-2021,24.4678,25.29488863126492,24.1602,24.4639,204077362.21276596,5374056282.74914
Sep-05-2021,24.13217106647758,24.5295,23.3599,24.3963,189682180.6271777,5213809631.574561
Sep-04-2021,23.464752668982083,24.5494,23.28663871774068,24.17110858987916,184880477.66666666,5172979882.665425
Sep-03-2021,23.5132,23.989,23.0791,23.433091139757437,198779025.7902098,5104427639.076648
Sep-02-2021,24.2012,24.8367,23.3658,23.5476,223228006.26573426,5178518500.572372
Sep-01-2021,22.9397,24.1655,21.65463111916266,24.1655,234168489.56643358,4978299763.624043
Aug-31-2021,23.2073,23.7601,22.4697,22.9906,241875674.70383275,4995858664.774034
Aug-30-2021,25.2365,25.282080304027428,23.3117,23.3121,180068314.64808363,5254002118.219926
Aug-29-2021,25.4468,25.9218,25.0053,25.3003,155936493.52982455,5462358416.671955
Aug-28-2021,26.1389,26.1555,25.37565187809933,25.4375,184090563.09859154,5538035388.326442
Aug-27-2021,24.8493,26.1645,24.25706040671777,26.1481,246087459.0662021,5428939277.677759
Aug-26-2021,25.9709,26.5492,24.327478517237843,25.0485,298206978.96503496,5389238418.481245
Aug-25-2021,23.6759,26.281916347393462,23.6414,25.9338,270321982.6013986,5346092443.429189
Aug-24-2021,25.225,25.5363,23.123175310092247,23.6989,239858659.24475524,5233257887.120799
Aug-23-2021,23.504030523950917,25.9008,23.451987041052192,25.2142,236417835.09407666,5329311161.355494
Aug-22-2021,23.651234503412223,23.8367,22.823164297538572,23.504030523950917,160081602.00696865,4973783684.755568
Aug-21-2021,24.3509,24.3509,23.3517,23.6735,222487666.56445992,5066241427.860714
Aug-20-2021,22.4391,24.429922118503946,21.8476,24.3509,201598263.8888889,4846732434.766394
Aug-19-2021,21.406,22.452499084436266,20.71051438727277,22.4187,194840701.1111111,4538065456.980893
Aug-18-2021,21.4281,22.2948,20.65487585599519,21.4838,253142033.8888889,4532043764.357184
Aug-17-2021,21.3747,23.57815479660413,21.0817,21.4065,244347749.89473686,4718698410.449486
Aug-16-2021,20.9955,22.48807362729765,20.96612161921109,21.3594,175138160.33449477,4572488107.523332
Aug-15-2021,20.6859,21.0099,19.9952,20.9656,126940289.41666667,4292424936.4644384
Aug-14-2021,21.074096546130377,21.47232920693917,20.286677868437504,20.7365,152841507.7222222,4348455579.460078
Aug-13-2021,19.4649,21.035764049842246,19.3799,21.035764049842246,141139393.5,4232149751.37906
Aug-12-2021,19.6659,20.370414681568928,18.7088,19.4589,182684344.33333334,4042029877.480764
Aug-11-2021,18.853051673617347,20.504180236967663,18.853051673617347,19.7212,167939883.8888889,4097596554.039877
Aug-10-2021,18.35231782954071,19.20723714778913,18.0289,18.84477248842774,149287195.91666666,3840464011.654652
Aug-09-2021,17.396713238630632,18.5941,17.019004797443298,18.36487039020166,154193658.05555555,3739287911.764232
Aug-08-2021,18.22,18.485055261386872,17.120419179207396,17.41533479548604,176014950.16666666,3679912231.6790113
Aug-07-2021,18.0826800065104,18.747527927993257,17.54,18.21940398293562,178286551.55244756,3759768453.0152984
Aug-06-2021,17.46377796194378,18.23,16.98458482890701,18.060057173942003,162348687.7222222,3617061044.147861
Aug-05-2021,17.549268470675493,17.76,16.4375289177668,17.50284220837386,179201679.0522648,3535827317.1941915
Aug-04-2021,16.25,17.79212334700448,15.9,17.587682685844964,146857329.1388889,3400078244.528022
Aug-03-2021,15.872055100809495,16.34651468513231,15.54,16.26,136942176.8641115,3273001349.818915
Aug-02-2021,16.004024212535512,16.43,15.60180396212427,15.840558250948355,142547044.12543553,3271759154.8456044
Aug-01-2021,16.029357385898734,16.928090362537464,15.90782422999998,16.00190764285005,157327227.70731708,3357887564.665851
Jul-31-2021,15.15,16.26792797959441,15.03,16.19895225405604,135403800.0836237,3161010622.5616045
Jul-30-2021,14.94,15.3,14.35,15.12,106917516.2074074,2996072736.704425
Jul-29-2021,14.92,15.01,14.67,14.95,106390990.75757575,2998449244.2575593
Jul-28-2021,14.76,15.19,14.55,14.93,126585758.24390244,2996139118.9995823
Jul-27-2021,14.28,14.9,13.87,14.74,141202739.7630662,2894670628.8067327
Jul-26-2021,13.89,15.23083711051966,13.87,14.28,151603837.78245613,2979019712.162909
Jul-25-2021,14.03649839543396,14.09,13.461473896499893,13.89,135727165.0909091,2764224935.684784
Jul-24-2021,13.70677521893241,14.21,13.54,14.01,173928173.60278746,2785906678.468245
Jul-23-2021,13.01,13.655559166426304,12.744142643892909,13.655559166426304,136110739.95818815,2621438161.2268987
Jul-22-2021,12.93,13.165023649648727,12.67,13.03,159715077.16666666,2585221425.4751616
Jul-21-2021,11.29,13.144238131967274,11.15,12.89,160448298.70383275,2443729550.0962644
Jul-20-2021,12.04,12.13,11,11.27,165734122.14634147,2253017638.380458
Jul-19-2021,12.97,12.98,12.03,12.07,108052888.99224806,2477730800.3600507
Jul-18-2021,12.74,13.28,12.74,12.99,104560189.41090909,2581180629.160789
Jul-17-2021,12.86,12.91,12.44,12.76,147894123,2498143803.3845234
Jul-16-2021,13.633490424522112,13.97,12.85,12.86,157930048.33333334,2630881021.619938
Jul-15-2021,14.054172537492294,14.46,13.52,13.653937380387148,170362172.04181185,2716985619.0467587
Jul-14-2021,14.459008112779104,14.491687941679626,13.37,14.035313367792728,204014182.69444445,2707411310.6018887
Jul-13-2021,14.821656345020616,15.01,14.3,14.417213542743331,147560599.58333334,2857542406.1212993
Jul-12-2021,15.161262339156997,15.84,14.55420450835032,14.845164622327372,143914607.91666666,2949394606.709086
Jul-11-2021,14.962689619126966,15.36,14.72,15.170413026159054,155096084.04181185,2928995723.1942263
Jul-10-2021,14.579096304383478,15.23,14.32,14.934174730754286,138620572.3611111,2843277022.9450564
Jul-09-2021,14.300640344767292,14.63,13.8,14.587135815050903,169676738.16666666,2735234908.054824
Jul-08-2021,15.241133147302593,15.241133147302593,14.13,14.292239407370994,205306765.55555555,2812471081.467825
Jul-07-2021,15.435281536944313,16.29,15.211573797519613,15.237167740068884,274990245.24041814,3030805917.029087
Jul-06-2021,14.14646962192178,15.56,14.11,15.36872338867093,260350105.7777778,2869051193.4528313
Jul-05-2021,14.230395537641352,14.4,13.433496620035712,14.20765005582585,165075008.6111111,2641963697.0577145
Jul-04-2021,13.60401581381085,14.57,13.389584916368204,14.23319267121569,124300956.22222222,2664169976.039627
Jul-03-2021,12.986286983412558,13.79,12.73,13.61496435663241,119427804.05594406,2538892111.5157
Jul-02-2021,12.85,12.985297182388358,12.439819866031009,12.985297182388358,119987835.16666667,2411443518.2059307
Jul-01-2021,13.835860137627972,13.835860137627972,12.686143019377411,12.89,147205534.96503496,2467780288.676596
Jun-30-2021,13.84323247281126,13.94,12.82,13.846732014412954,169137881.92334494,2537600409.2605853
Jun-29-2021,13.29,14.34,13.29,13.8441078049581,182660488.8641115,2607860444.808204
Jun-28-2021,12.93,13.543865785410834,12.65833729171974,13.3,174054681.63380283,2455287493.672836
Jun-27-2021,12.22,12.89,11.91,12.89,173363652.50704226,2311148401.9608274
Jun-26-2021,12.335797194180364,12.589486907716829,11.507255374563858,12.11,199955056.3490909,2248303230.288547
Jun-25-2021,13.83510692156181,14.002999131357674,11.987173414928147,12.335797194180364,180446947.7614035,2418592266.498691
Jun-24-2021,13.6,14.16,12.94,13.83510692156181,252625034.3529412,2518978232.8349357
Jun-23-2021,12.05,14.14,11.68,13.61,473289192.25441694,2460206121.045243
Jun-22-2021,12.3,13.09,9.82,12.05,428997309.21254355,2222262860.152417
Jun-21-2021,16.01421211566616,16.02202356714514,12.32,12.32,244455156.61209965,2657352485.0797386
Jun-20-2021,15.45,16.025955730406153,14.502997350815727,15.989010368772998,156273089.2777778,2833140611.4973493
Jun-19-2021,15.61,15.81,15.3,15.49,195462697.66666666,2855754503.103287
Jun-18-2021,16.12,16.405476889109615,15.112246821963817,15.56,190306302.5,2899699597.7027206
Jun-17-2021,16.00589721366815,16.74,15.88,16.11,214800317.2682927,2974423209.467538
Jun-16-2021,17.23,17.23,15.75,15.972070621093176,214401370.48083624,2995429066.495103
Jun-15-2021,17.3,17.9106557779862,17.08598995348539,17.27,270820489.4444444,3151179552.3820705
Jun-14-2021,16.84,17.66,16.427787344190868,17.31,261494861.66666666,3068134050.8297734
Jun-13-2021,15.71,17.05,15.27,16.83,214960176.05555555,2854044778.11302
Jun-12-2021,15.95,16.23,15.082774161288835,15.74,272970860.0555556,2826664147.98994
Jun-11-2021,16.81,17.43,15.78,15.9,328674330.1111111,3005997189.839613
Jun-10-2021,18.418830132782613,18.52,16.69,16.89,351957475.23344946,3171119123.332793
Jun-09-2021,17.055050753113957,18.470857790972342,16.15,18.398985531391038,390382620.8888889,3105262987.461286
Jun-08-2021,17.139143745771555,17.48237201411745,15.5,17.027610816677118,475046164.5874126,3029240829.27383
Jun-07-2021,18.81,20.27,17.26444530563076,17.26444530563076,331347139.1111111,3452602401.8013134
Jun-06-2021,18.92,19.41,18.17,18.8,321420866.6074074,3339559786.904378
Jun-05-2021,19.09,21.001335424028035,18.25,18.89,372517681,3494003110.4156895
Jun-04-2021,21.12,21.12,17.875426175905762,19.16,399876254.5555556,3397573157.485208
Jun-03-2021,19.3,21.33333386489218,18.94,21.09,386268528.8888889,3566787518.7028537
Jun-02-2021,17.81,20.477753817928924,17.442278749316397,19.35,365345563.5555556,3265548509.503834
Jun-01-2021,17.935153629958787,18.40772862072588,17.1,17.78,387429586.0627178,2912619619.0227427
May-31-2021,15.88,18.13,14.971404420248769,17.943318499764693,328523683.1219512,2740078096.857834
May-30-2021,14.7,16.48821278743044,13.98241241951059,15.907820360377102,335812411.0769231,2575575269.466997
May-29-2021,15.9,16.83,14.03,14.63,353124621.8333333,2564034891.3552012
May-28-2021,18.202844532656798,18.30988244250852,15.31,15.91,547423109.0174216,2744823434.803095
May-27-2021,19.16866131109269,19.405568281283838,17.28,18.22631208850484,507989028.8888889,3024638977.365938
May-26-2021,17.699355947415153,20.02691809615629,17.48,19.218846783797822,564194491.7777778,3099110364.7350774
May-25-2021,17.719430885811462,19.033977064198677,15.470635534878838,17.54952158517176,770875333.5555556,2825150359.972188
May-24-2021,12.89061596275638,17.93,12.837409843802366,17.669708700128517,667387024.4475524,2521031385.758045
May-23-2021,15.13,15.9,9.55,12.883633431574356,381950023.6666667,2105574399.845996
May-22-2021,16.806622180370727,17.294281553819975,14.348202560412274,15.22,517107912.4738676,2620682767.0394917
May-21-2021,20.2,21.68,13.7,16.74422614910863,554601776.5017421,3061350876.321559
May-20-2021,16.773394046,20.874225118229447,14.128498877,20.11063976862104,1220412558.673033,3091967863.550511
May-19-2021,27.045188918,27.605955961,15.659559508,17.816351012,836217401.417238,3609497378.906392
May-18-2021,26.938909643,28.95,26.092851642,27.081319042,519173566.37445635,4565690990.066152
May-17-2021,29.1,29.1,24.94,27.05987538,608107739.2378626,4481799859.46898
May-16-2021,28.76,32.30326172,27.521955784,28.93,419570747.7756087,4927609468.171255
May-15-2021,31.84540926,32.083889171,28.558627368,28.75,426808315.200972,4995199989.62091
May-14-2021,29.516125472,32.902815398,29.49,31.8,511795992.685539,5180133366.824709
May-13-2021,29.600441786,33.61,27.670127946,29.46144612,656890091.5916932,5041826488.345694
May-12-2021,36.79846649,37.072461766,30.353829377,30.353829377,378435433.2387913,5764378794.895153
May-11-2021,36.274363787,36.973561021,35.231309171,36.723463114,429186583.01919264,5978390811.260069
May-10-2021,38.429694335,40.255661128,35.795277286,36.257275548,467413816.0156423,6317566571.755838
May-09-2021,37.007296728,39.610215296,36.427596707,38.429458445,520499795.47087026,6265669169.743782
May-08-2021,36.11,39.094700212,35.86,36.97959936,460492484.5658613,6147231585.695626
May-07-2021,36.72,37.676697822,34.6,36.04,540813240.8767926,5894404598.218311
May-06-2021,39.05,39.05,35.980436998,36.77,545621363.213386,6084638210.545901
May-05-2021,36.761939941,40.51,36.761939941,39.03,639865175.9844655,6334246556.397144
May-04-2021,41.022936895,41.022936895,36.376873788,36.778636095,752326654.3327459,6258017920.046565
May-03-2021,41.04,42.969235984,39.785372722,41.278923979,711202081.2418184,6642825922.932131
May-02-2021,38.499399878,42.213071287,36.9,41.01,745225250.3354062,6355165936.25567
May-01-2021,40.946915254,42.091254461,38.251712198,38.3281481,746380714.4081422,6445740446.232754
Apr-30-2021,42.58,44.019293905,40.22,41.03371846,1157957898.9619734,6732871799.48404
Apr-29-2021,36.194836029,43.824609846,36.194836029,42.599597704,1027415820.6865637,6461340212.380045
Apr-28-2021,35.882971011,36.778745536,34.005594232,36.095284966,649482112.6720793,5668703016.318391
Apr-27-2021,33.511194078,36.4,32.27,35.844960333,825559165.4353087,5508982737.731633
Apr-26-2021,30.230111082,34.753853715,30.215991707,33.363059405,1223522686.972512,5354805947.40332
Apr-25-2021,28.439488649,31.38,27.649645172,30.169817606,900341941.2520435,4680272495.350788
Apr-24-2021,26.926240482,29.508379383,25.747911224,28.422453305,1021594062.3616347,4334511820.992654
Apr-23-2021,25.263481453,27.142339937,22.29173038,26.912809135,1224915096.8539076,3926734923.785732
Apr-22-2021,26.19,28.440234658,24.771468022,25.378135821,1236133805.1967676,4223471087.574508
Apr-21-2021,27.4,28.87,25.89,26.32,1525628822.890257,4338172906.893306
Apr-20-2021,22.813640027,27.25,21.15537999,27.25,655177470.4545797,3698654461.3753824
Apr-19-2021,22.215025047,25.361285334,21.584188649,22.804365084,508049231.63670325,3694499639.9316006
Apr-18-2021,23.92,24.66,19.58,22.094253591,480385818.42765933,3400030304.413288
Apr-17-2021,22.510676139,24.77,22.39,24.15,359316633.8625729,3658701925.4186997
Apr-16-2021,23.56,23.6,21.566996169,22.542126217,428457869.91477156,3470833365.963269
Apr-15-2021,23.210330086,24.426180278,21.582859695,23.58,514574893.19851524,3588403163.645946
Apr-14-2021,24.15,25.207435644,22.35,22.973312119,455067014.3539723,3620155078.8673425
Apr-13-2021,26.27,26.51,23.204890907,24.25,736126537.9003063,3681652203.3603516
Apr-12-2021,26.200571528,28.04144257,23.989558138,26.43,908868200.0346951,3949345682.851618
Apr-11-2021,22.829338355,26.628418464,21.97947751,26.235982908,542021882.8848225,3631287364.990832
Apr-10-2021,24.13,25.250152312,21.32,22.767367358,793072976.6082071,3479680483.925212
Apr-09-2021,21.11,24.192044477,19.97,24.13,582847476.9105818,3276595534.383223
Apr-08-2021,17.14,21.21,17.12,21.11,594413920.7476977,2975722022.7553663
Apr-07-2021,18.06,18.23,15.68,17.36,327517796.331751,2563721152.841743
Apr-06-2021,16.97,18.36,16.75,18.06,249402264.87595263,2568583440.976342
Apr-05-2021,16.798037407,17.94,15.9,16.86,195924351.38879657,2501710897.941939
Apr-04-2021,15.6,16.94,15.33,16.8,211058758.50436592,2444510689.40536
Apr-03-2021,17.1,17.47,15.52,15.6,220260865.83883226,2464923645.896378
Apr-02-2021,17.13,18.42,16.95,17.1,297669164.9689412,2595718657.754111
Apr-01-2021,18.1,18.28,16.48,17.22,323025227.1968385,2528817472.164692
Mar-31-2021,18.99,19.56,17.52,18.22,448030507.612941,2657946843.7913136
Mar-30-2021,17.23,18.99,16.66,18.99,361641810.9995544,2518021167.112502
Mar-29-2021,16.21,17.99,16.04,17.18,484808008.06420356,2463320417.5093656
Mar-28-2021,17.35,18.51,15.4,16.21,710099978.8565203,2413996256.91027
Mar-27-2021,14.78,18.15,14.22,17.38,603326380.8089201,2295262708.503704
Mar-26-2021,11.95,15.11,11.95,14.81,453544877.3259755,1971446263.5448065
Mar-25-2021,12.12,12.86,11.27,11.96,411320130.1599975,1680680978.5086315
Mar-24-2021,11.5,13.9,11.24,12.25,383725469.42134213,1737702978.7893152
Mar-23-2021,10.91,12.46,10.62,11.5,403886012.6705948,1576748766.3458884
Mar-22-2021,10.13,12.51,10.11,10.97,231329429.74332654,1547001952.1202419
Mar-21-2021,9.88,10.14,9.694017606,10.112740976,120251501.3443326,1386170354.0609977
Mar-20-2021,9.83,10.52,9.81,9.9,164499907.47506788,1397028333.5422025
Mar-19-2021,9.91,10.1,9.69,9.83,134342188.58316872,1359743022.0384574
Mar-18-2021,10.34,10.64,9.87,9.93,189944887.09992963,1387056416.973441
Mar-17-2021,9.97,10.45,9.43,10.31,184118041.33817533,1315608336.9169922
Mar-16-2021,9.995897765,10.3182819,9.376587255,10,249054053.13283607,1310297597.905558
Mar-15-2021,10.983226763,10.983226763,9.645518043,9.993590054,190185822.26235676,1412510086.6218596
Mar-14-2021,11.38908686,11.389457796,10.751864855,11.003554638,171481268.70724618,1491270037.1255758
Mar-13-2021,10.997563843,11.883908016,10.648857777,11.358633255,205081055.27782485,1508927985.2667894
Mar-12-2021,12.321358314,12.324258683,10.678295489,10.997563843,247019871.25748208,1526933574.784639
Mar-11-2021,12.779809423,13.600352625,12.105590326,12.269511392,255255949.45232123,1643996193.5891137
Mar-10-2021,14.187116764,14.351708277,12.581605345,12.806211969,341689256.23076725,1727736043.3386252
Mar-09-2021,11.908605782,14.551694795,11.691905409,14.324367985,258306521.90949354,1681994152.6410906
Mar-08-2021,11.666604429,11.882481664,11.115882639,11.882481664,180295781.6860859,1503742511.8727515
Mar-07-2021,11.12628948,12.097524568,10.949783595,11.639160192,177276433.51679072,1488468221.4968634
Mar-06-2021,11.132776831,11.927480885,10.812015711,11.152052138,155916057.1098316,1448615347.9718997
Mar-05-2021,11.560685625,11.725831852,10.744377881,11.156977978,221142714.9670805,1409209994.9010327
Mar-04-2021,12.624351049,13.293917949,11.282583688,11.535539282,254634655.80191693,1544072300.8708844
Mar-03-2021,12.048627702,13.402173505,11.81827397,12.655739295,282213762.1527516,1580290052.3444166
Mar-02-2021,13.107088314,13.67653568,11.17101485,12.015421819,433488906.4328174,1502637074.3943722
Mar-01-2021,9.353129225,13.334556431,9.353129225,13.036822359,428351930.77038556,1496706678.6133559
Feb-28-2021,10.618842729,10.762529168,8.453821818,9.310541586,215502361.54501268,1174721570.5485456
Feb-27-2021,11.274068962,11.995112446,10.391830563,10.701284759,221073414.90703264,1391841807.4890459
Feb-26-2021,11.678285407,12.620073215,10.472743369,11.249774587,268016439.2420551,1407998587.0869505
Feb-25-2021,14.209349331,14.861583159,12.007556719,12.007556719,286762618.65356755,1628569225.97893
Feb-24-2021,12.686019454,16.118586876,11.66589462,14.174944876,374432638.1096313,1687822303.8812528
Feb-23-2021,15.05753561,15.05753561,10.07783885,12.457795999,350244075.6131754,1486975842.2257469
Feb-22-2021,16.687442976,16.737856385,12.434876063,15.033266307,348484033.6217802,1833003451.6171918
Feb-21-2021,14.724797786,18.761367619,14.402666308,16.741039404,465707973.4512261,2000828627.3671684
Feb-20-2021,18.981443988,19.029822497,12.400431298,14.671500435,609082618.2886722,1875307093.4237633
Feb-19-2021,13.521322535,20.981137485,13.438831801,18.999402984,561234041.9772819,2105216063.3507993
Feb-18-2021,10.066959084,13.802582448,9.94225169,13.559553334,199140307.85114482,1405379840.9665587
Feb-17-2021,7.297129597,11.334136748,7.268317128,10.092450344,97824200.77400124,1054147508.2390722
Feb-16-2021,6.818261912,7.540650681,6.649036895,7.311275905,39374064.673006445,818676344.5998646
Feb-15-2021,6.975339648,7.17709211,5.963552835,6.773659712,41416188.62444443,784867808.9572438
Feb-14-2021,7.268476447,7.311668928,6.708042756,7.035995939,37156073.26517776,806668148.4555627
Feb-13-2021,7.666086324,7.802175843,6.834448555,7.302110344,59869791.884942904,835420438.8563843
Feb-12-2021,6.175909911,7.634493372,5.966723517,7.634493372,74095406.12354654,759985045.5407357
Feb-11-2021,6.838847255,7.240692739,5.778138308,6.177220842,115140199.1885553,728500821.6761277
Feb-10-2021,5.880016552,8.290662946,5.443818443,6.825853345,136061776.73735642,745061556.1027124
Feb-09-2021,4.139034686,6.223511074,4.04971822,5.850495398,53705167.681141414,559584256.3056455
Feb-08-2021,3.160148719,4.118527396,3.148495745,4.110076246,21914083.2830292,392890297.86038417
Feb-07-2021,3.265105207,3.475894445,3.016151922,3.169892109,29934088.08346027,355830697.36062026
Feb-06-2021,3.036533644,3.29023811,2.728183563,3.247165914,24910597.188171577,335205740.7760178
Feb-05-2021,2.685710611,3.070044785,2.54239533,3.038586158,21184788.419843696,295470000.5354776
Feb-04-2021,2.342870765,2.813185319,2.183891975,2.713505069,11226272.322162332,263438884.4701697
Feb-03-2021,2.386301759,2.502766724,1.988778215,2.352367701,8808380.265851647,243077772.45777422
Feb-02-2021,2.850890254,2.850890254,2.210745439,2.376552828,16380568.613266032,264782801.38040084
Feb-01-2021,1.971161567,2.942941935,1.912077224,2.865636528,10817974.420383161,257325532.764838
Jan-31-2021,1.628490152,2.048599456,1.626954163,1.992538946,4553249.228627136,190083180.9457469
Jan-30-2021,1.491647481,1.651209534,1.454358458,1.622326746,2536891.4083493417,159613330.6561815
Jan-29-2021,1.553824827,1.567915044,1.417988597,1.46769945,4016463.1294525918,153368265.16713727
Jan-28-2021,1.318045851,1.611369706,1.308454515,1.545610908,3864955.138367046,150768513.86325958
Jan-27-2021,1.212176614,1.326266107,1.15415946,1.319086779,2957114.9670517338,126114409.2746063
Jan-26-2021,1.113637629,1.215090735,1.113189472,1.212591321,2527481.1376058343,115873337.12149262
Jan-25-2021,1.215245216,1.285542023,1.033687396,1.119001213,3266351.219759791,118914723.8842268
Jan-24-2021,0.976987436,1.215414066,0.963175516,1.215414066,1908287.3221857373,112739952.86676626
Jan-23-2021,0.874768642,1.049099041,0.860624607,0.974617617,1924988.4583532112,94791384.38586949
Jan-22-2021,0.699885759,0.889538231,0.657980658,0.873191236,981408.5944785362,77466369.16461252
Jan-21-2021,0.747665602,0.75623903,0.690840136,0.700217861,725654.1070264737,72253139.09127447
Jan-20-2021,0.739214413,0.752299965,0.676643083,0.752299965,720021.0575376754,69747258.5669422
Jan-19-2021,0.769787408,0.774589541,0.711935023,0.73448786,788192.4515188171,72482587.94366704
Jan-18-2021,0.688655401,0.770353117,0.672877881,0.7688802,1319772.9781990084,69360077.12433921
Jan-17-2021,0.643249799,0.696526526,0.629214063,0.687084693,1498432.042623178,62781366.74755449
Jan-16-2021,0.598712441,0.66559828,0.598712441,0.643707422,1157381.3450606074,59828562.11639805
Jan-15-2021,0.607189707,0.632747462,0.584415434,0.597505431,1033746.9602600089,56873728.95300007
Jan-14-2021,0.601249296,0.627581237,0.57648349,0.606913416,1312919.4196364747,56152589.85983869
Jan-13-2021,0.525837788,0.607818576,0.511064834,0.598778967,930425.8534556824,51233297.2130582
Jan-12-2021,0.481594851,0.542845418,0.469665651,0.523698014,994417.3033140596,47435471.53099219
Jan-11-2021,0.550358124,0.550358124,0.451538764,0.480454109,1230744.0304233027,46952693.10127678
Jan-10-2021,0.578362044,0.598352663,0.524870981,0.550480502,935058.8193182807,53525031.79396448
Jan-09-2021,0.582748753,0.60282749,0.563256752,0.579556772,1091265.1501796145,54071049.157282405
Jan-08-2021,0.602733913,0.641682474,0.56587562,0.58356684,1281240.3009775437,54088783.766944736
Jan-07-2021,0.663553025,0.66594558,0.594123429,0.599198001,1088525.0724169584,56902275.563532904
Jan-06-2021,0.679727344,0.690406084,0.634239102,0.663673232,1272289.7628668994,58738766.91803201
Jan-05-2021,0.648184493,0.685786426,0.593354162,0.679096222,1357939.1788946372,55753154.24555289
Jan-04-2021,0.633098847,0.646251696,0.569530982,0.642640538,1164471.3835346492,55053755.19863734
Jan-03-2021,0.61349063,0.66720802,0.602118255,0.634308051,1020458.7651223324,55311803.980059884
Jan-02-2021,0.659449482,0.659449482,0.586688527,0.611475281,935763.9736230221,53410616.37255267
Jan-01-2021,0.624601074,0.672305903,0.61191712,0.656940174,856716.1162661621,54008178.861935
Dec-31-2020,0.602484935,0.629026254,0.577477992,0.620708897,831496.3728706413,50507589.91340998
Dec-30-2020,0.565392339,0.60325235,0.547282507,0.60325235,1265553.913963942,48162842.59689644
Dec-29-2020,0.536475298,0.568379552,0.508827411,0.5657711,2029297.130725328,44781036.58657496
Dec-28-2020,0.487501577,0.539083747,0.483238552,0.536757507,1197804.9104436568,42474703.79775793
Dec-27-2020,0.488496806,0.515711768,0.470842165,0.488215358,958833.4101074154,41661775.30325635
Dec-26-2020,0.496495019,0.504413353,0.476333379,0.48710858,467548.213147902,40781993.43087259
Dec-25-2020,0.482502574,0.498946221,0.475085312,0.495955272,394901.81376565405,39296579.853877224
Dec-24-2020,0.450778855,0.484593749,0.430717484,0.482801038,678115.2820529664,36881534.81990171
Dec-23-2020,0.505138973,0.517607352,0.441608095,0.449216623,960868.6708360991,38215212.22213752
Dec-22-2020,0.476251435,0.507333062,0.459959869,0.505049907,910825.7933163807,38120462.997824796
Dec-21-2020,0.469474754,0.505899767,0.451191799,0.476784314,1268088.748949044,37190025.07487742
Dec-20-2020,0.438053206,0.50309447,0.430809863,0.470514031,808931.009980529,35966440.73473846
Dec-19-2020,0.448744471,0.465068881,0.443266689,0.444894658,470091.78098543896,34829772.08535018
Dec-18-2020,0.423624153,0.442587931,0.408662545,0.442587931,640793.5320643377,32345975.828495566
Dec-17-2020,0.45695427,0.461237024,0.41090157,0.423326626,610578.7223895476,32631342.264264062
Dec-16-2020,0.429176216,0.457740572,0.420267917,0.457740572,422583.09530111344,32544659.081109375
Dec-15-2020,0.448672259,0.456622958,0.419970898,0.428945793,684967.590763062,31937418.601460848
Dec-14-2020,0.480164438,0.487516651,0.415519757,0.449318821,756847.6594146137,33080225.881500404
Dec-13-2020,0.489218645,0.492297345,0.469384092,0.479920337,446226.68788294296,34983006.24483762
Dec-12-2020,0.453546375,0.495007777,0.453546375,0.488870322,605139.7890863249,34546684.45427471
Dec-11-2020,0.435643192,0.459099436,0.407615407,0.454325651,505369.48050802987,30568692.097703245
Dec-10-2020,0.460528987,0.470549366,0.433528456,0.436098789,454770.3662327025,31813000.588272993
Dec-09-2020,0.486481063,0.486481063,0.441430552,0.461692846,957458.4530182783,32545175.739225984
Dec-08-2020,0.507853373,0.54476026,0.474529247,0.479699524,771789.0291758861,35430868.17973127
Dec-07-2020,0.472892952,0.520128035,0.472501322,0.507695941,1086955.0895497121,34276581.74528834
Dec-06-2020,0.501684881,0.570058209,0.46136579,0.475788221,1614195.6446405891,34459337.40393367
Dec-05-2020,0.423855605,0.520566864,0.411807801,0.497958124,660367.0713684325,30109792.753064305
Dec-04-2020,0.409349074,0.446165107,0.391846988,0.427097637,839380.2076709366,27683800.3621256
Dec-03-2020,0.368509885,0.411028869,0.364653333,0.411003247,718827.7092725078,25537518.960840635
Dec-02-2020,0.35689998,0.370835536,0.353122379,0.369453836,487261.14559040905,23626764.004653014
Dec-01-2020,0.350067786,0.372175773,0.333109996,0.357137589,562272.9196839998,22586604.16824735
Nov-30-2020,0.338956623,0.353047035,0.329476717,0.350492388,522877.1785199761,21663512.657340817
Nov-29-2020,0.328579266,0.359044464,0.316758469,0.338965122,434599.26345964335,20858833.47243921
Nov-28-2020,0.333815663,0.346901781,0.317677874,0.328613673,630801.125430154,20527118.248383243
Nov-27-2020,0.283071063,0.334961344,0.280884021,0.332283851,460910.64403184585,18310770.394261654
Nov-26-2020,0.301022968,0.310519415,0.258412708,0.283062194,453937.7265752832,16911117.2354241
Nov-25-2020,0.321457704,0.337210986,0.294478009,0.303770859,343692.2929918378,18787062.911705576
Nov-24-2020,0.323487804,0.341959041,0.308117759,0.322016968,453920.6723114038,18967885.128889583
Nov-23-2020,0.332020491,0.336685151,0.310112835,0.322459492,483336.7943759762,18805357.541005548
Nov-22-2020,0.340540422,0.347753297,0.30877235,0.334416861,515044.6792158968,18946145.10975824
Nov-21-2020,0.342802073,0.359685918,0.335389741,0.340896081,933950.818384644,19902896.88285336
Nov-20-2020,0.348292455,0.381788449,0.317917452,0.342904508,956897.1603559968,19823243.071714137
Nov-19-2020,0.312199559,0.363112374,0.308625665,0.345574127,866740.0428616159,19370172.77775035
Nov-18-2020,0.357140725,0.372780571,0.295408581,0.312199559,1361521.3580174954,18587270.33810323
Nov-17-2020,0.30051072,0.3618094,0.300354751,0.352694255,1454376.644466005,18753371.511896275
Nov-16-2020,0.270042761,0.320397061,0.263340792,0.30051072,924599.5361767174,15581479.933390439
Nov-15-2020,0.259109564,0.286916852,0.257614209,0.270855612,533363.3575080317,14559477.637200205
Nov-14-2020,0.265470682,0.265470682,0.244550692,0.2587076,537608.428950819,13741803.9681334
Nov-13-2020,0.229511075,0.272873386,0.228035222,0.264026911,616618.9415811094,13344563.82632182
Nov-12-2020,0.232601391,0.257923633,0.224359125,0.229482979,458918.2085999395,12358892.016454572
Nov-11-2020,0.237167773,0.260478678,0.232407123,0.232582229,268575.2164071508,12458321.865274148
Nov-10-2020,0.221989993,0.249640087,0.210242291,0.237043855,469287.29637155106,11777722.628187867
Nov-09-2020,0.250816469,0.250816469,0.204386718,0.222710002,386163.4229395744,11524000.582152229
Nov-08-2020,0.260586583,0.263142954,0.242396165,0.250550272,329107.48880633956,12492428.48715491
Nov-07-2020,0.29633413,0.316616027,0.249027571,0.260743317,415110.0085987884,14005494.340904681
Nov-06-2020,0.280046908,0.331018526,0.278127519,0.294774077,381560.0062696926,14247590.283856321
Nov-05-2020,0.283840342,0.290526794,0.226690364,0.279744114,256178.01174219124,13054749.379325714
Nov-04-2020,0.281757355,0.296216456,0.25088764,0.284012635,626176.421419558,12753774.564343203
Nov-03-2020,0.319871493,0.320983366,0.200546041,0.281993877,635784.7695255094,13353973.33859405
Nov-02-2020,0.362297613,0.383329143,0.31318265,0.325370741,318793.6581728776,16105467.647310168
Nov-01-2020,0.39858628,0.399308116,0.361330649,0.366584101,130524.499225574,17132828.19395827
Oct-31-2020,0.400046337,0.420119243,0.391226245,0.398657116,306498.71330970095,17361589.35513846
Oct-30-2020,0.411197058,0.427288638,0.357755048,0.398994466,478630.4855373134,16827255.540824037
Oct-29-2020,0.403949471,0.464601912,0.402105978,0.412263037,478664.0718677803,18234220.281598568
Oct-28-2020,0.444353136,0.446667077,0.372268894,0.401807283,516731.1037812191,16608240.164122032
Oct-27-2020,0.440096529,0.521623214,0.437092029,0.450006088,1034788.8739534224,18455163.77723489
Oct-26-2020,0.482420395,0.482420395,0.309796064,0.440398982,967462.543913526,16733282.652714107
Oct-25-2020,0.587404358,0.590315084,0.481510863,0.485564918,584408.8521513297,19962355.933369346
Oct-24-2020,0.657382163,0.658745166,0.581934617,0.586414629,521112.64955197775,22253021.42171006
Oct-23-2020,0.613162846,0.663423818,0.602159251,0.656643906,530189.1469585538,21896716.039945386
Oct-22-2020,0.579276275,0.639889038,0.575356401,0.613168619,576670.9016100104,14468777.323449675
Oct-21-2020,0.618227768,0.636292227,0.567307063,0.576098441,565470.9283201627,8750585.311044525
Oct-20-2020,0.608843009,0.647839758,0.563734606,0.618555828,754228.5903949036,12798366.371324249
Oct-19-2020,0.60978494,0.736165764,0.567035896,0.609858691,875440.6832538509,13612926.467419675
Oct-18-2020,0.607487686,0.628248727,0.530381872,0.609668595,1093040.485286076,12487992.904077321
Oct-17-2020,0.820247613,0.820247613,0.603566086,0.603566086,925153.5096723251,15596269.27346403
Oct-16-2020,0.880412485,0.924489796,0.801840557,0.81273922,845451.0933967059,18357837.197771564
Oct-15-2020,0.885453146,0.917067314,0.802112482,0.880412485,1317739.5054437998,18057877.042792782
Oct-14-2020,0.855852983,0.953533279,0.753226277,0.889976107,1689077.9221189662,17863824.101872686
Oct-13-2020,1.116499814,1.158047659,0.823758963,0.846924752,1929586.2073600057,20136435.143779323
Oct-12-2020,0.944910444,1.166306084,0.910663649,1.111480943,1391865.1496432358,22073707.69619401
Oct-11-2020,0.789146204,0.943964327,0.755689591,0.942903397,1114039.6003131096,17535781.358303335
Oct-10-2020,0.704490756,0.87876528,0.648871709,0.793309915,838664.1048479412,9211634.94249539
Oct-09-2020,0.586444939,0.715976265,0.57089867,0.694945967,424683.70695171435,5060514.994313572
Oct-08-2020,0.539542718,0.576371876,0.511160991,0.566060065,280418.5631253146,4288195.027560612
Oct-07-2020,0.495475435,0.57546387,0.474205312,0.542414106,365244.5710397651,4117652.4249993465
Oct-06-2020,0.462266287,0.554319383,0.42984562,0.49497918,417173.8589992385,3882095.0897056973
Oct-05-2020,0.556946834,0.561118299,0.456390298,0.462507168,444773.1785972524,3908790.824748271
Oct-04-2020,0.670819687,0.702017097,0.515400032,0.553365097,1139915.0885867253,4727789.141791924
Oct-03-2020,0.508842592,0.729000748,0.486933937,0.664857726,882335.6834225866,4708342.994593467
Oct-02-2020,0.419515909,0.554824421,0.41042487,0.516176446,715236.7110285283,3700695.8056295654
Oct-01-2020,0.433309659,0.537687576,0.346134076,0.419609377,894818.6884666017,3557448.596627264
Sep-30-2020,1.002826389,1.113516268,0.439236554,0.439236554,1165979.1562259514,6281539.442051781
Sep-29-2020,1.065797537,1.166100644,0.840775565,1.03080613,1777320.879092713,8091234.722418367