date,open,high,low,close,adjClose,volume,unadjustedVolume,change,changePercent,vwap,label,changeOverTime
2022-10-09,5.1613116,5.2931457,5.143749,5.235708,5.235708,7.499032E7,7.499032E7,0.0744,1.441,5.2242,"October 09, 22",0.01441
2022-10-08,5.180666,5.23402,5.10957,5.165985,5.165985,7566896.0,7566896.0,-0.01468,-0.283,5.16986,"October 08, 22",-0.00283
2022-10-07,5.163642,5.249739,5.06619,5.1819,5.1819,1.8123837E7,1.8123837E7,0.01826,0.354,5.16594,"October 07, 22",0.00354
2022-10-06,5.202262,5.419985,5.117565,5.164008,5.164008,2.7882723E7,2.7882723E7,-0.03825,-0.735,5.23385,"October 06, 22",-0.00735
2022-10-05,5.263,5.277551,5.071933,5.203787,5.203787,1.765689E7,1.765689E7,-0.05921,-1.125,5.18442,"October 05, 22",-0.01125
2022-10-04,5.176669,5.363849,5.166689,5.262568,5.262568,1.8404424E7,1.8404424E7,0.0859,1.659,5.26437,"October 04, 22",0.01659
2022-10-03,5.010264,5.220191,4.951404,5.177286,5.177286,2.4941005E7,2.4941005E7,0.16702,3.334,5.11629,"October 03, 22",0.03334
2022-10-02,5.249772,5.318702,4.970986,5.009492,5.009492,1.845363E7,1.845363E7,-0.24028,-4.577,5.09973,"October 02, 22",-0.04577
2022-10-01,5.408239,5.437757,5.176898,5.249761,5.249761,1.7299757E7,1.7299757E7,-0.15848,-2.93,5.28814,"October 01, 22",-0.0293
2022-09-30,5.438005,5.576464,5.350145,5.407401,5.407401,2.7804981E7,2.7804981E7,-0.0306,-0.563,5.44467,"September 30, 22",-0.00563
2022-09-29,5.379923,5.496616,5.275818,5.437274,5.437274,2.4263408E7,2.4263408E7,0.05735,1.066,5.40324,"September 29, 22",0.01066
2022-09-28,5.415826,5.468775,5.213926,5.379245,5.379245,2.926555E7,2.926555E7,-0.03658,-0.675,5.35398,"September 28, 22",-0.00675
2022-09-27,5.51362,5.79486,5.287728,5.413517,5.413517,6.8478308E7,6.8478308E7,-0.1001,-1.816,5.4987,"September 27, 22",-0.01816
2022-09-26,5.719828,5.826249,5.359886,5.513426,5.513426,4.504122E7,4.504122E7,-0.2064,-3.609,5.56652,"September 26, 22",-0.03609
2022-09-25,5.422719,5.762372,5.342882,5.719917,5.719917,5.4825229E7,5.4825229E7,0.2972,5.481,5.60839,"September 25, 22",0.05481
2022-09-24,5.680226,5.708994,5.370722,5.422177,5.422177,3.9515526E7,3.9515526E7,-0.25805,-4.543,5.50063,"September 24, 22",-0.04543
2022-09-23,5.907665,6.104242,5.421823,5.679814,5.679814,7.9529238E7,7.9529238E7,-0.22785,-3.857,5.73529,"September 23, 22",-0.03857
2022-09-22,5.787818,6.033738,5.593089,5.907307,5.907307,8.1026618E7,8.1026618E7,0.11949,2.065,5.84471,"September 22, 22",0.02065
2022-09-21,5.729605,6.399999,5.496012,5.790506,5.790506,1.28924921E8,1.28924921E8,0.0609,1.063,5.89551,"September 21, 22",0.01063
2022-09-20,5.869231,6.032129,5.551266,5.725458,5.725458,9.3956341E7,9.3956341E7,-0.14377,-2.45,5.76962,"September 20, 22",-0.0245
2022-09-19,5.084922,6.196985,4.929327,5.869283,5.869283,1.47566914E8,1.47566914E8,0.78436,15.425,5.6652,"September 19, 22",0.15425
2022-09-18,5.631829,5.724531,5.01568,5.083679,5.083679,7.601801E7,7.601801E7,-0.54815,-9.733,5.27463,"September 18, 22",-0.09733
2022-09-17,4.664206,5.800807,4.662408,5.630305,5.630305,6.1187035E7,6.1187035E7,0.9661,20.713,5.36451,"September 17, 22",0.20713
2022-09-16,4.913777,4.980984,4.560096,4.663982,4.663982,3.9833178E7,3.9833178E7,-0.2498,-5.084,4.73502,"September 16, 22",-0.05084
2022-09-15,5.103279,5.363833,4.855625,4.910994,4.910994,6.2589562E7,6.2589562E7,-0.19229,-3.768,5.04348,"September 15, 22",-0.03768
2022-09-14,5.136496,5.262406,4.821996,5.10328,5.10328,5.9220585E7,5.9220585E7,-0.03322,-0.647,5.06256,"September 14, 22",-0.00647
2022-09-13,5.490905,5.90022,5.021722,5.134902,5.134902,1.10608801E8,1.10608801E8,-0.356,-6.483,5.35228,"September 13, 22",-0.06483
2022-09-12,5.67814,5.684318,5.221083,5.491645,5.491645,6.7033482E7,6.7033482E7,-0.1865,-3.285,5.46568,"September 12, 22",-0.03285
2022-09-11,5.050312,5.827844,4.956964,5.680013,5.680013,1.09459511E8,1.09459511E8,0.6297,12.469,5.48827,"September 11, 22",0.12469
2022-09-10,5.049305,5.12275,4.917495,5.049156,5.049156,3.7354812E7,3.7354812E7,-1.5E-4,-0.003,5.0298,"September 10, 22",-3.0E-5
2022-09-09,4.502008,5.300306,4.493633,5.047546,5.047546,7.5402001E7,7.5402001E7,0.54554,12.118,4.94716,"September 09, 22",0.12118
2022-09-08,4.424411,4.550439,4.350642,4.50119,4.50119,3.0756394E7,3.0756394E7,0.07678,1.735,4.46742,"September 08, 22",0.01735
2022-09-07,4.302572,4.481297,4.165979,4.421998,4.421998,2.4861708E7,2.4861708E7,0.11943,2.776,4.35642,"September 07, 22",0.02776
2022-09-06,4.74976,4.814344,4.280681,4.303093,4.303093,3.9301017E7,3.9301017E7,-0.44667,-9.404,4.46604,"September 06, 22",-0.09404
2022-09-05,4.798434,4.844251,4.627252,4.748595,4.748595,1.6526848E7,1.6526848E7,-0.04984,-1.039,4.74003,"September 05, 22",-0.01039
2022-09-04,4.760167,4.80908,4.708367,4.798403,4.798403,1.3427931E7,1.3427931E7,0.03824,0.803,4.77195,"September 04, 22",0.00803
2022-09-03,4.702276,4.788907,4.670065,4.759733,4.759733,1.2408738E7,1.2408738E7,0.05746,1.222,4.73957,"September 03, 22",0.01222
2022-09-02,4.770229,4.867353,4.641902,4.704241,4.704241,2.2240013E7,2.2240013E7,-0.06599,-1.383,4.73783,"September 02, 22",-0.01383
2022-09-01,4.760662,4.809896,4.59617,4.768764,4.768764,2.2360337E7,2.2360337E7,0.0081,0.17,4.72494,"September 01, 22",0.0017
2022-08-31,4.81266,4.998784,4.724233,4.760191,4.760191,2.4344201E7,2.4344201E7,-0.05247,-1.09,4.82774,"August 31, 22",-0.0109
2022-08-30,4.982573,5.083768,4.672529,4.810879,4.810879,3.2789662E7,3.2789662E7,-0.17169,-3.446,4.85573,"August 30, 22",-0.03446
2022-08-29,4.648638,5.025834,4.592502,4.982255,4.982255,3.8322636E7,3.8322636E7,0.33362,7.177,4.86686,"August 29, 22",0.07177
2022-08-28,4.753472,5.070141,4.615022,4.648559,4.648559,3.5420773E7,3.5420773E7,-0.10491,-2.207,4.77791,"August 28, 22",-0.02207
2022-08-27,4.772612,4.837929,4.660325,4.754166,4.754166,3.2091128E7,3.2091128E7,-0.01845,-0.387,4.75081,"August 27, 22",-0.00387
2022-08-26,5.37243,5.383301,4.721757,4.774285,4.774285,4.6367077E7,4.6367077E7,-0.59814,-11.134,4.95978,"August 26, 22",-0.11134
2022-08-25,5.310903,5.49533,5.17591,5.375995,5.375995,3.1600473E7,3.1600473E7,0.06509,1.226,5.34908,"August 25, 22",0.01226
2022-08-24,5.250318,5.593474,5.063449,5.311272,5.311272,6.0359454E7,6.0359454E7,0.06095,1.161,5.32273,"August 24, 22",0.01161
2022-08-23,5.20723,5.307198,5.006508,5.248675,5.248675,3.4712285E7,3.4712285E7,0.04145,0.796,5.18746,"August 23, 22",0.00796
2022-08-22,5.190637,5.217282,4.901253,5.205812,5.205812,4.8237709E7,4.8237709E7,0.01518,0.292,5.10812,"August 22, 22",0.00292
2022-08-21,5.033628,5.339211,4.865215,5.191645,5.191645,6.0713512E7,6.0713512E7,0.15802,3.139,5.13202,"August 21, 22",0.03139
2022-08-20,5.10817,5.336548,4.844075,5.034286,5.034286,5.758419E7,5.758419E7,-0.07388,-1.446,5.07164,"August 20, 22",-0.01446
2022-08-19,5.771319,5.802638,5.070706,5.106519,5.106519,8.9019843E7,8.9019843E7,-0.6648,-11.519,5.32662,"August 19, 22",-0.11519
2022-08-18,6.109469,6.428397,5.554851,5.770931,5.770931,5.3639954E7,5.3639954E7,-0.33854,-5.541,5.91806,"August 18, 22",-0.05541
2022-08-17,6.197271,6.439976,5.941432,6.109893,6.109893,3.7287553E7,3.7287553E7,-0.08738,-1.41,6.16377,"August 17, 22",-0.0141
2022-08-16,6.214456,6.362382,6.106783,6.197936,6.197936,3.3769353E7,3.3769353E7,-0.01652,-0.266,6.22237,"August 16, 22",-0.00266
2022-08-15,6.372618,6.796013,6.091984,6.216561,6.216561,3.6463109E7,3.6463109E7,-0.15606,-2.449,6.36819,"August 15, 22",-0.02449
2022-08-14,6.655864,6.900054,6.340908,6.370623,6.370623,4.0617773E7,4.0617773E7,-0.28524,-4.286,6.53719,"August 14, 22",-0.04286
2022-08-13,7.031564,7.155012,6.589957,6.656967,6.656967,2.8515737E7,2.8515737E7,-0.3746,-5.327,6.80065,"August 13, 22",-0.05327
2022-08-12,6.930551,7.082592,6.736156,7.031474,7.031474,2.6090597E7,2.6090597E7,0.10092,1.456,6.95007,"August 12, 22",0.01456
2022-08-11,7.116568,7.283589,6.803276,6.923763,6.923763,4.1960543E7,4.1960543E7,-0.19281,-2.709,7.00354,"August 11, 22",-0.02709
2022-08-10,7.025264,7.256132,6.652245,7.107973,7.107973,5.6992592E7,5.6992592E7,0.08271,1.177,7.00545,"August 10, 22",0.01177
2022-08-09,7.314922,7.483003,6.836793,7.024043,7.024043,3.3728301E7,3.3728301E7,-0.29088,-3.977,7.11461,"August 09, 22",-0.03977
2022-08-08,7.208983,7.540995,7.179015,7.316687,7.316687,3.3681128E7,3.3681128E7,0.1077,1.494,7.34557,"August 08, 22",0.01494
2022-08-07,7.265417,7.370795,7.101877,7.20773,7.20773,2.5225782E7,2.5225782E7,-0.05769,-0.794,7.2268,"August 07, 22",-0.00794
2022-08-06,7.573047,7.585146,7.230927,7.262937,7.262937,3.2572219E7,3.2572219E7,-0.31011,-4.095,7.35967,"August 06, 22",-0.04095
2022-08-05,7.430619,7.711002,7.344951,7.562226,7.562226,5.0711936E7,5.0711936E7,0.13161,1.771,7.53939,"August 05, 22",0.01771
2022-08-04,7.17001,7.715294,7.11862,7.445329,7.445329,6.7969863E7,6.7969863E7,0.27532,3.84,7.42641,"August 04, 22",0.0384
2022-08-03,6.641007,7.501062,6.576375,7.167453,7.167453,1.02978431E8,1.02978431E8,0.52645,7.927,7.08163,"August 03, 22",0.07927
2022-08-02,6.643439,6.989582,6.217689,6.641335,6.641335,6.1320837E7,6.1320837E7,-0.0021,-0.032,6.6162,"August 02, 22",-3.2E-4
2022-08-01,6.719866,7.252916,6.48104,6.643683,6.643683,6.224718E7,6.224718E7,-0.07618,-1.134,6.79255,"August 01, 22",-0.01134
2022-07-31,6.696084,7.286368,6.607907,6.722204,6.722204,4.0042521E7,4.0042521E7,0.02612,0.39,6.87216,"July 31, 22",0.0039
2022-07-30,6.672747,7.126981,6.592669,6.694487,6.694487,4.3583823E7,4.3583823E7,0.02174,0.326,6.80471,"July 30, 22",0.00326
2022-07-29,6.927464,7.161981,6.535633,6.672615,6.672615,5.4112812E7,5.4112812E7,-0.25485,-3.679,6.79008,"July 29, 22",-0.03679
2022-07-28,6.826147,7.213843,6.438458,6.924577,6.924577,8.2139645E7,8.2139645E7,0.09843,1.442,6.85896,"July 28, 22",0.01442
2022-07-27,5.759432,6.882135,5.632932,6.825689,6.825689,7.0867606E7,7.0867606E7,1.06626,18.513,6.44692,"July 27, 22",0.18513
2022-07-26,5.999099,6.049087,5.427493,5.744737,5.744737,5.1090908E7,5.1090908E7,-0.25436,-4.24,5.74044,"July 26, 22",-0.0424
2022-07-25,6.448272,6.658698,5.988192,5.996949,5.996949,5.6212494E7,5.6212494E7,-0.45132,-6.999,6.21461,"July 25, 22",-0.06999
2022-07-24,6.63976,6.938376,6.424083,6.447474,6.447474,4.8259775E7,4.8259775E7,-0.19229,-2.896,6.60331,"July 24, 22",-0.02896
2022-07-23,6.191125,6.87823,6.13783,6.638644,6.638644,7.0829449E7,7.0829449E7,0.44752,7.228,6.55157,"July 23, 22",0.07228
2022-07-22,6.422048,6.899588,6.171687,6.208743,6.208743,8.3474948E7,8.3474948E7,-0.2133,-3.321,6.42667,"July 22, 22",-0.03321
2022-07-21,5.870198,6.54469,5.639687,6.421473,6.421473,6.9796032E7,6.9796032E7,0.55127,9.391,6.20195,"July 21, 22",0.09391
2022-07-20,6.07851,6.503072,5.80949,5.872598,5.872598,7.1472007E7,7.1472007E7,-0.20591,-3.388,6.06172,"July 20, 22",-0.03388
2022-07-19,5.925952,6.336113,5.625682,6.08002,6.08002,8.1246818E7,8.1246818E7,0.15407,2.6,6.01394,"July 19, 22",0.026
2022-07-18,4.977119,6.263368,4.97231,6.003106,6.003106,9.4897747E7,9.4897747E7,1.02599,20.614,5.74626,"July 18, 22",0.20614
2022-07-17,4.769291,5.170376,4.641129,4.980051,4.980051,5.3763844E7,5.3763844E7,0.21076,4.419,4.93052,"July 17, 22",0.04419
2022-07-16,4.601144,4.887833,4.448511,4.768753,4.768753,3.0253222E7,3.0253222E7,0.16761,3.643,4.7017,"July 16, 22",0.03643
2022-07-15,4.697967,4.783884,4.528688,4.60142,4.60142,2.8701172E7,2.8701172E7,-0.09655,-2.055,4.638,"July 15, 22",-0.02055
2022-07-14,4.577091,4.753945,4.33154,4.679268,4.679268,4.0647898E7,4.0647898E7,0.10218,2.232,4.58825,"July 14, 22",0.02232
2022-07-13,4.238364,4.593732,4.201907,4.57785,4.57785,4.8818515E7,4.8818515E7,0.33949,8.01,4.45783,"July 13, 22",0.0801
2022-07-12,4.332958,4.390863,4.171281,4.237196,4.237196,2.385883E7,2.385883E7,-0.09576,-2.21,4.26645,"July 12, 22",-0.0221
2022-07-11,4.771353,4.780368,4.284811,4.335171,4.335171,3.1333617E7,3.1333617E7,-0.43618,-9.142,4.46678,"July 11, 22",-0.09142
2022-07-10,5.006167,5.044589,4.698656,4.779929,4.779929,1.9343823E7,1.9343823E7,-0.22624,-4.519,4.84106,"July 10, 22",-0.04519
2022-07-09,4.942838,5.093278,4.941996,5.008027,5.008027,1.9351534E7,1.9351534E7,0.06519,1.319,5.01443,"July 09, 22",0.01319
2022-07-08,5.106375,5.28864,4.911633,4.944774,4.944774,3.1115558E7,3.1115558E7,-0.1616,-3.165,5.04835,"July 08, 22",-0.03165
2022-07-07,5.016324,5.253033,4.88404,5.105154,5.105154,3.8110566E7,3.8110566E7,0.08883,1.771,5.08074,"July 07, 22",0.01771
2022-07-06,4.91038,5.184708,4.754928,5.016085,5.016085,6.3989858E7,6.3989858E7,0.1057,2.153,4.98524,"July 06, 22",0.02153
2022-07-05,4.918147,5.092972,4.609026,4.911016,4.911016,5.2945317E7,5.2945317E7,-0.00713,-0.145,4.871,"July 05, 22",-0.00145
2022-07-04,4.554444,4.94122,4.407504,4.927093,4.927093,3.6594761E7,3.6594761E7,0.37265,8.182,4.75861,"July 04, 22",0.08182
2022-07-03,4.514634,4.687577,4.465276,4.562268,4.562268,2.7952565E7,2.7952565E7,0.04763,1.055,4.57171,"July 03, 22",0.01055
2022-07-02,4.553384,4.615277,4.356812,4.514198,4.514198,2.3763174E7,2.3763174E7,-0.03919,-0.861,4.49543,"July 02, 22",-0.00861
2022-07-01,4.631336,4.76971,4.358864,4.50611,4.50611,3.4312904E7,3.4312904E7,-0.12523,-2.704,4.54489,"July 01, 22",-0.02704
2022-06-30,4.679989,4.752483,4.209849,4.632063,4.632063,3.8263354E7,3.8263354E7,-0.04793,-1.024,4.53147,"June 30, 22",-0.01024
2022-06-29,4.895287,5.128809,4.622211,4.675584,4.675584,4.2708272E7,4.2708272E7,-0.2197,-4.488,4.80887,"June 29, 22",-0.04488
2022-06-28,5.114494,5.567168,4.789249,4.895912,4.895912,8.7272059E7,8.7272059E7,-0.21858,-4.274,5.08411,"June 28, 22",-0.04274
2022-06-27,4.692093,5.251877,4.661171,5.112753,5.112753,6.5532669E7,6.5532669E7,0.42066,8.965,5.0086,"June 27, 22",0.08965
2022-06-26,4.553098,5.300975,4.5098,4.690468,4.690468,1.17861383E8,1.17861383E8,0.13737,3.017,4.83375,"June 26, 22",0.03017
2022-06-25,4.48456,4.671125,4.285509,4.553693,4.553693,4.5813144E7,4.5813144E7,0.06913,1.542,4.50344,"June 25, 22",0.01542
2022-06-24,4.388108,4.616176,4.3458,4.483785,4.483785,4.2351803E7,4.2351803E7,0.09568,2.18,4.48192,"June 24, 22",0.0218
2022-06-23,3.979619,4.477184,3.956361,4.386856,4.386856,5.734942E7,5.734942E7,0.40724,10.233,4.27347,"June 23, 22",0.10233
2022-06-22,4.395301,4.399603,3.947594,3.965563,3.965563,5.6785125E7,5.6785125E7,-0.42974,-9.777,4.10425,"June 22, 22",-0.09777
2022-06-21,4.484164,4.842996,4.317549,4.392853,4.392853,9.0781848E7,9.0781848E7,-0.09131,-2.036,4.5178,"June 21, 22",-0.02036
2022-06-20,4.125318,4.828222,3.849946,4.486214,4.486214,1.46020239E8,1.46020239E8,0.3609,8.748,4.38813,"June 20, 22",0.08748
2022-06-19,3.616189,4.501482,3.400054,4.1257,4.1257,1.09432768E8,1.09432768E8,0.50951,14.09,4.00908,"June 19, 22",0.1409
2022-06-18,3.739134,3.863008,3.120542,3.614789,3.614789,6.6031313E7,6.6031313E7,-0.12434,-3.325,3.53278,"June 18, 22",-0.03325
2022-06-17,3.370685,3.841335,3.342414,3.739328,3.739328,5.7828585E7,5.7828585E7,0.36864,10.937,3.64103,"June 17, 22",0.10937
2022-06-16,4.205747,4.293413,3.291602,3.373006,3.373006,6.8010164E7,6.8010164E7,-0.83274,-19.8,3.65267,"June 16, 22",-0.198
2022-06-15,3.61164,4.254703,3.066555,4.151479,4.151479,8.6945547E7,8.6945547E7,0.53984,14.947,3.82425,"June 15, 22",0.14947
2022-06-14,3.47694,3.918533,3.25126,3.612866,3.612866,7.4865425E7,7.4865425E7,0.13593,3.909,3.59422,"June 14, 22",0.03909
2022-06-13,3.88332,3.98228,3.233553,3.479496,3.479496,1.00218159E8,1.00218159E8,-0.40382,-10.399,3.56511,"June 13, 22",-0.10399
2022-06-12,4.741621,4.79218,3.871129,3.884634,3.884634,6.8565247E7,6.8565247E7,-0.85699,-18.074,4.18265,"June 12, 22",-0.18074
2022-06-11,5.171477,5.555721,4.674746,4.739471,4.739471,4.3052013E7,4.3052013E7,-0.43201,-8.354,4.98998,"June 11, 22",-0.08354
2022-06-10,5.717671,5.734151,5.137867,5.170488,5.170488,2.1338635E7,2.1338635E7,-0.54718,-9.57,5.3475,"June 10, 22",-0.0957
2022-06-09,5.704714,5.916864,5.649939,5.71945,5.71945,1.7105874E7,1.7105874E7,0.01474,0.258,5.76208,"June 09, 22",0.00258
2022-06-08,6.026433,6.119273,5.681218,5.701321,5.701321,2.5248342E7,2.5248342E7,-0.32511,-5.395,5.83394,"June 08, 22",-0.05395
2022-06-07,6.384698,6.392763,5.853706,6.030554,6.030554,3.69066E7,3.69066E7,-0.35414,-5.547,6.09234,"June 07, 22",-0.05547
2022-06-06,6.091947,6.438144,6.075064,6.384164,6.384164,3.7951686E7,3.7951686E7,0.29222,4.797,6.29912,"June 06, 22",0.04797
2022-06-05,6.19415,6.244723,6.0464,6.09378,6.09378,2.7352838E7,2.7352838E7,-0.10037,-1.62,6.1283,"June 05, 22",-0.0162
2022-06-04,6.125421,6.224128,6.00199,6.191298,6.191298,2.7624022E7,2.7624022E7,0.06588,1.076,6.13914,"June 04, 22",0.01076
2022-06-03,6.386935,6.47873,5.993725,6.124905,6.124905,3.7407226E7,3.7407226E7,-0.26203,-4.103,6.19912,"June 03, 22",-0.04103
2022-06-02,6.101488,6.484603,5.97983,6.394958,6.394958,5.0126863E7,5.0126863E7,0.29347,4.81,6.28646,"June 02, 22",0.0481
2022-06-01,6.790144,7.008597,5.969478,6.103106,6.103106,5.5779746E7,5.5779746E7,-0.68704,-10.118,6.36039,"June 01, 22",-0.10118
2022-05-31,7.21594,7.331867,6.595884,6.765467,6.765467,6.9019835E7,6.9019835E7,-0.45047,-6.243,6.89774,"May 31, 22",-0.06243
2022-05-30,6.231956,7.448158,6.149754,7.215706,7.215706,1.16034262E8,1.16034262E8,0.98375,15.786,6.93787,"May 30, 22",0.15786
2022-05-29,6.225585,6.357781,5.966383,6.230668,6.230668,6.1046028E7,6.1046028E7,0.00508,0.082,6.18494,"May 29, 22",8.2E-4
2022-05-28,6.078058,6.395968,6.048674,6.225748,6.225748,6.4280012E7,6.4280012E7,0.14769,2.43,6.22346,"May 28, 22",0.0243
2022-05-27,6.448699,6.467146,5.789796,6.078087,6.078087,1.01883452E8,1.01883452E8,-0.37061,-5.747,6.11168,"May 27, 22",-0.05747
2022-05-26,7.337365,7.43875,6.264311,6.35399,6.35399,8.7493139E7,8.7493139E7,-0.98338,-13.402,6.68568,"May 26, 22",-0.13402
2022-05-25,7.489627,7.727602,7.253694,7.33969,7.33969,6.994033E7,6.994033E7,-0.14994,-2.002,7.44033,"May 25, 22",-0.02002
2022-05-24,7.756416,7.886154,7.032665,7.498619,7.498619,9.2334791E7,9.2334791E7,-0.2578,-3.324,7.47248,"May 24, 22",-0.03324
2022-05-23,8.023582,8.476797,7.621225,7.755142,7.755142,8.3555895E7,8.3555895E7,-0.26844,-3.346,7.95105,"May 23, 22",-0.03346
2022-05-22,8.027413,8.178308,7.770683,8.026832,8.026832,7.6077672E7,7.6077672E7,-5.8E-4,-0.007,7.99194,"May 22, 22",-7.0E-5
2022-05-21,7.728899,8.238801,7.567263,8.028544,8.028544,7.7237928E7,7.7237928E7,0.29964,3.877,7.94487,"May 21, 22",0.03877
2022-05-20,8.075672,8.35254,7.534366,7.761085,7.761085,9.6760893E7,9.6760893E7,-0.31459,-3.896,7.88266,"May 20, 22",-0.03896
2022-05-19,7.977419,8.256011,7.425387,8.06852,8.06852,1.15283489E8,1.15283489E8,0.0911,1.142,7.91664,"May 19, 22",0.01142
2022-05-18,8.878149,9.079162,7.641333,7.978139,7.978139,1.40076014E8,1.40076014E8,-0.90001,-10.137,8.23288,"May 18, 22",-0.10137
2022-05-17,8.078284,9.271458,8.060407,8.878271,8.878271,1.97728902E8,1.97728902E8,0.79999,9.903,8.73671,"May 17, 22",0.09903
2022-05-16,9.125128,9.126242,7.823603,8.077464,8.077464,1.53327354E8,1.53327354E8,-1.04766,-11.481,8.34244,"May 16, 22",-0.11481
2022-05-15,8.65686,9.196672,8.061637,9.131384,9.131384,1.94502764E8,1.94502764E8,0.47452,5.481,8.79656,"May 15, 22",0.05481
2022-05-14,8.509834,9.085044,7.21157,8.660389,8.660389,2.33454864E8,2.33454864E8,0.15055,1.769,8.319,"May 14, 22",0.01769
2022-05-13,7.79855,9.749026,7.712294,8.54696,8.54696,2.45395856E8,2.45395856E8,0.74841,9.597,8.66943,"May 13, 22",0.09597
2022-05-12,5.724605,9.027294,5.340962,7.864033,7.864033,3.70038017E8,3.70038017E8,2.13943,37.373,7.41076,"May 12, 22",0.37373
2022-05-11,9.018506,9.430117,5.201678,5.697032,5.697032,2.02533646E8,2.02533646E8,-3.32147,-36.829,6.77628,"May 11, 22",-0.36829
2022-05-10,8.146044,10.159125,7.889342,9.03275,9.03275,3.6748422E8,3.6748422E8,0.88671,10.885,9.02707,"May 10, 22",0.10885
2022-05-09,11.235597,11.644403,7.983708,8.03928,8.03928,2.16158388E8,2.16158388E8,-3.19632,-28.448,9.22246,"May 09, 22",-0.28448
2022-05-08,12.354309,12.511613,11.07161,11.234806,11.234806,2.06695647E8,2.06695647E8,-1.1195,-9.062,11.60601,"May 08, 22",-0.09062
2022-05-07,13.262774,13.328739,12.175066,12.349711,12.349711,2.15058701E8,2.15058701E8,-0.91306,-6.884,12.61784,"May 07, 22",-0.06884
2022-05-06,13.690209,13.897783,12.861617,13.261969,13.261969,2.67427431E8,2.67427431E8,-0.42824,-3.128,13.34046,"May 06, 22",-0.03128
2022-05-05,15.56523,16.761687,12.961578,13.690823,13.690823,4.01647557E8,4.01647557E8,-1.87441,-12.042,14.47136,"May 05, 22",-0.12042
2022-05-04,14.153781,17.59274,14.001904,15.566909,15.566909,5.93707943E8,5.93707943E8,1.41313,9.984,15.72052,"May 04, 22",0.09984
2022-05-03,15.054467,15.748363,13.871778,14.156006,14.156006,4.03906776E8,4.03906776E8,-0.89846,-5.968,14.59205,"May 03, 22",-0.05968
2022-05-02,15.869858,17.348811,14.209272,15.052122,15.052122,6.4284143E8,6.4284143E8,-0.81774,-5.153,15.53674,"May 02, 22",-0.05153
2022-05-01,19.991561,20.418442,15.527055,15.869864,15.869864,9.47752922E8,9.47752922E8,-4.1217,-20.617,17.27179,"May 01, 22",-0.20617
2022-04-30,19.135927,25.190697,19.133997,19.981965,19.981965,1.174374946E9,1.174374946E9,0.84604,4.421,21.43555,"April 30, 22",0.04421
2022-04-29,23.833448,24.468112,18.470914,19.134819,19.134819,1.166044746E9,1.166044746E9,-4.69863,-19.714,20.69128,"April 29, 22",-0.19714
2022-04-28,19.413872,26.413663,19.111048,23.57642,23.57642,8.84216263E8,8.84216263E8,4.16255,21.441,23.03371,"April 28, 22",0.21441
2022-04-27,18.087097,19.942251,17.848716,19.417499,19.417499,4.98704968E8,4.98704968E8,1.3304,7.356,19.06949,"April 27, 22",0.07356
2022-04-26,19.265939,19.558696,17.409163,18.082021,18.082021,6.14802054E8,6.14802054E8,-1.18392,-6.145,18.34996,"April 26, 22",-0.06145
2022-04-25,16.817979,19.60882,16.182411,19.445967,19.445967,6.87499761E8,6.87499761E8,2.62799,15.626,18.4124,"April 25, 22",0.15626
2022-04-24,16.682852,17.875671,15.907917,16.816582,16.816582,5.38235312E8,5.38235312E8,0.13373,0.802,16.86672,"April 24, 22",0.00802
2022-04-23,15.232224,18.096307,15.18982,16.690585,16.690585,7.78270013E8,7.78270013E8,1.45836,9.574,16.6589,"April 23, 22",0.09574
2022-04-22,14.289918,15.481547,13.700241,15.422775,15.422775,4.05216513E8,4.05216513E8,1.13286,7.928,14.86819,"April 22, 22",0.07928
2022-04-21,16.722831,16.786669,14.071396,14.290039,14.290039,3.95896325E8,3.95896325E8,-2.43279,-14.548,15.04937,"April 21, 22",-0.14548
2022-04-20,13.374924,17.421546,12.969959,16.726756,16.726756,7.83461004E8,7.83461004E8,3.35183,25.061,15.70609,"April 20, 22",0.25061
2022-04-19,11.870947,13.488796,11.670937,13.377369,13.377369,2.57706402E8,2.57706402E8,1.50642,12.69,12.8457,"April 19, 22",0.1269
2022-04-18,11.694389,11.916459,10.904057,11.86866,11.86866,1.23528757E8,1.23528757E8,0.17427,1.49,11.56306,"April 18, 22",0.0149
2022-04-17,11.664705,12.100733,11.453375,11.698723,11.698723,9.9599841E7,9.9599841E7,0.03402,0.292,11.75094,"April 17, 22",0.00292
2022-04-16,12.235254,12.292569,11.300802,11.664698,11.664698,1.02373214E8,1.02373214E8,-0.57056,-4.663,11.75269,"April 16, 22",-0.04663
2022-04-15,12.267886,12.619198,11.983198,12.233678,12.233678,1.22404832E8,1.22404832E8,-0.03421,-0.279,12.27869,"April 15, 22",-0.00279
2022-04-14,13.243084,13.552417,11.932844,12.26845,12.26845,1.6143247E8,1.6143247E8,-0.97463,-7.36,12.58457,"April 14, 22",-0.0736
2022-04-13,11.589869,13.472126,11.455256,13.245109,13.245109,2.51956777E8,2.51956777E8,1.65524,14.282,12.72416,"April 13, 22",0.14282
2022-04-12,10.947306,12.108777,10.699921,11.590152,11.590152,1.32461203E8,1.32461203E8,0.64285,5.872,11.46628,"April 12, 22",0.05872
2022-04-11,12.059086,12.124354,10.662902,10.94369,10.94369,1.55094882E8,1.55094882E8,-1.1154,-9.249,11.24365,"April 11, 22",-0.09249
2022-04-10,10.975908,12.398066,10.830522,12.091726,12.091726,1.46319938E8,1.46319938E8,1.11582,10.166,11.77344,"April 10, 22",0.10166
2022-04-09,10.778893,11.049399,10.600119,10.975719,10.975719,4.7299933E7,4.7299933E7,0.19683,1.826,10.87508,"April 09, 22",0.01826
2022-04-08,11.177252,11.608454,10.668671,10.781397,10.781397,8.6727455E7,8.6727455E7,-0.39585,-3.542,11.01951,"April 08, 22",-0.03542
2022-04-07,10.699745,11.297633,10.672069,11.175757,11.175757,9.6868182E7,9.6868182E7,0.47601,4.449,11.04849,"April 07, 22",0.04449
2022-04-06,11.624076,12.040012,10.545219,10.654508,10.654508,1.04716615E8,1.04716615E8,-0.96957,-8.341,11.07991,"April 06, 22",-0.08341
2022-04-05,11.932462,12.740342,11.534453,11.627332,11.627332,1.1333736E8,1.1333736E8,-0.30513,-2.557,11.96738,"April 05, 22",-0.02557
2022-04-04,12.387716,12.423025,11.197578,11.933688,11.933688,7.6280785E7,7.6280785E7,-0.45403,-3.665,11.85143,"April 04, 22",-0.03665
2022-04-03,12.412191,12.920644,11.957849,12.384057,12.384057,1.0128007E8,1.0128007E8,-0.02813,-0.227,12.42085,"April 03, 22",-0.00227
2022-04-02,12.76223,13.809667,12.362551,12.417118,12.417118,9.9777661E7,9.9777661E7,-0.34511,-2.704,12.86311,"April 02, 22",-0.02704
2022-04-01,12.702584,13.599721,12.241464,12.794196,12.794196,9.7702901E7,9.7702901E7,0.09161,0.721,12.87846,"April 01, 22",0.00721
2022-03-31,14.205394,14.360279,12.55477,12.677097,12.677097,1.23107857E8,1.23107857E8,-1.5283,-10.759,13.19738,"March 31, 22",-0.10759
2022-03-30,13.597356,14.562108,13.087474,14.21298,14.21298,1.64477552E8,1.64477552E8,0.61562,4.527,13.95419,"March 30, 22",0.04527
2022-03-29,13.972273,14.551641,13.417825,13.597502,13.597502,1.34570221E8,1.34570221E8,-0.37477,-2.682,13.85566,"March 29, 22",-0.02682
2022-03-28,14.271644,15.532586,13.96773,14.043628,14.043628,3.52901742E8,3.52901742E8,-0.22802,-1.598,14.51465,"March 28, 22",-0.01598
2022-03-27,13.830236,14.355767,13.317605,14.27097,14.27097,3.137589E8,3.137589E8,0.44073,3.187,13.98145,"March 27, 22",0.03187
2022-03-26,12.387543,14.251155,12.355116,13.831352,13.831352,4.12384391E8,4.12384391E8,1.44381,11.655,13.47921,"March 26, 22",0.11655
2022-03-25,12.897714,13.666104,12.234359,12.387456,12.387456,3.2321973E8,3.2321973E8,-0.51026,-3.956,12.76264,"March 25, 22",-0.03956
2022-03-24,13.311639,14.492961,12.769885,12.905254,12.905254,5.24585733E8,5.24585733E8,-0.40638,-3.053,13.38937,"March 24, 22",-0.03053
2022-03-23,12.219003,13.514088,11.502582,13.314507,13.314507,5.93104388E8,5.93104388E8,1.0955,8.966,12.77706,"March 23, 22",0.08966
2022-03-22,10.512056,12.588613,10.199787,12.219353,12.219353,6.57144995E8,6.57144995E8,1.7073,16.241,11.66925,"March 22, 22",0.16241
2022-03-21,9.629154,11.008046,9.513902,10.509051,10.509051,5.94784875E8,5.94784875E8,0.8799,9.138,10.34367,"March 21, 22",0.09138
2022-03-20,11.727052,11.947288,9.502563,9.63117,9.63117,5.19711735E8,5.19711735E8,-2.09588,-17.872,10.36034,"March 20, 22",-0.17872
2022-03-19,13.425919,14.459447,11.37068,11.722074,11.722074,3.10527181E8,3.10527181E8,-1.70384,-12.691,12.5174,"March 19, 22",-0.12691
2022-03-18,0.060326,0.096681,0.050511,0.087235,0.087235,1162345.0,1162345.0,0.02691,44.608,0.07814,"March 18, 22",0.44608
2022-03-17,0.256142,0.674771,0.04868,0.060326,0.060326,1537085.0,1537085.0,-0.19582,-76.45,0.26126,"March 17, 22",-0.7645
2022-03-16,0.169426,0.519357,0.142616,0.256142,0.256142,579277.0,579277.0,0.08672,51.185,0.30604,"March 16, 22",0.51185
2022-03-15,0.060132,0.188688,0.060132,0.169426,0.169426,153112.0,153112.0,0.10929,181.75,0.13942,"March 15, 22",1.8175
2022-03-14,0.022477,0.060282,0.022477,0.060132,0.060132,25008.0,25008.0,0.03766,167.549,0.04763,"March 14, 22",1.67549
2022-03-13,0.023126,0.023535,0.022477,0.022477,0.022477,18.0,18.0,-6.5E-4,-2.811,0.02283,"March 13, 22",-0.02811
2022-03-12,0.023063,0.023549,0.022939,0.023126,0.023126,275.0,275.0,6.0E-5,0.26,0.0232,"March 12, 22",0.0026
2022-03-11,0.021826,0.023398,0.021825,0.023063,0.023063,272.0,272.0,0.00124,5.681,0.02276,"March 11, 22",0.05681
2022-03-10,0.02309,0.02317,0.02139,0.021826,0.021826,121.0,121.0,-0.00126,-5.457,0.02213,"March 10, 22",-0.05457
2022-03-09,0.021748,0.023426,0.021697,0.02309,0.02309,128.0,128.0,0.00134,6.161,0.02274,"March 09, 22",0.06161
2022-03-08,0.021702,0.022056,0.021486,0.021748,0.021748,20.0,20.0,5.0E-5,0.23,0.02176,"March 08, 22",0.0023
2022-03-07,0.02156,0.022145,0.02074,0.021702,0.021702,115.0,115.0,1.4E-4,0.649,0.02153,"March 07, 22",0.00649
2022-03-06,0.022247,0.0225,0.021502,0.02156,0.02156,103.0,103.0,-6.9E-4,-3.102,0.02185,"March 06, 22",-0.03102
2022-03-05,0.021413,0.022429,0.020954,0.022247,0.022247,94.0,94.0,8.3E-4,3.876,0.02188,"March 05, 22",0.03876
2022-03-04,0.022606,0.022705,0.021237,0.021413,0.021413,304.0,304.0,-0.00119,-5.264,0.02179,"March 04, 22",-0.05264
2022-03-03,0.02418,0.024237,0.02237,0.022606,0.022606,238.0,238.0,-0.00157,-6.493,0.02307,"March 03, 22",-0.06493
2022-03-02,0.024134,0.024591,0.02393,0.02418,0.02418,93.0,93.0,5.0E-5,0.207,0.02423,"March 02, 22",0.00207
2022-03-01,0.021219,0.024182,0.021219,0.024134,0.024134,92.0,92.0,0.00292,13.761,0.02318,"March 01, 22",0.13761
2022-02-28,0.021161,0.021219,0.021161,0.021219,0.021219,,,6.0E-5,0.284,,"February 28, 22",0.00284
2022-02-27,0.021834,0.022372,0.021079,0.021161,0.021161,16.0,16.0,-6.7E-4,-3.069,0.02154,"February 27, 22",-0.03069
2022-02-26,0.02212,0.022778,0.021822,0.021834,0.021834,574.0,574.0,-2.9E-4,-1.311,0.02214,"February 26, 22",-0.01311
2022-02-25,0.01973,0.022672,0.019691,0.02212,0.02212,558.0,558.0,0.00239,12.114,0.02149,"February 25, 22",0.12114
2022-02-24,0.020324,0.020324,0.017723,0.01973,0.01973,5.0,5.0,-5.9E-4,-2.903,0.01926,"February 24, 22",-0.02903
2022-02-23,0.020328,0.020328,0.020324,0.020324,0.020324,,,0.0,0.0,,"February 23, 22",0.0
2022-02-22,0.019424,0.020328,0.01902,0.020328,0.020328,125.0,125.0,9.0E-4,4.633,0.01989,"February 22, 22",0.04633
2022-02-21,0.021633,0.021667,0.019393,0.019424,0.019424,119.0,119.0,-0.00221,-10.216,0.02016,"February 21, 22",-0.10216
2022-02-20,0.022761,0.022761,0.021315,0.021633,0.021633,156.0,156.0,-0.00113,-4.965,0.0219,"February 20, 22",-0.04965
2022-02-19,0.021724,0.022833,0.021363,0.022761,0.022761,256.0,256.0,0.00104,4.787,0.02232,"February 19, 22",0.04787
2022-02-18,0.021615,0.022137,0.021196,0.021724,0.021724,189.0,189.0,1.1E-4,0.509,0.02169,"February 18, 22",0.00509
2022-02-17,0.022191,0.022931,0.021501,0.021615,0.021615,1675.0,1675.0,-5.8E-4,-2.614,0.02202,"February 17, 22",-0.02614
2022-02-16,0.025023,0.025023,0.021009,0.022191,0.022191,1674.0,1674.0,-0.00283,-11.31,0.02274,"February 16, 22",-0.1131
2022-02-15,0.023283,0.025412,0.023283,0.025023,0.025023,3372.0,3372.0,0.00174,7.473,0.02457,"February 15, 22",0.07473
2022-02-14,0.021052,0.023412,0.02069,0.023283,0.023283,1589.0,1589.0,0.00223,10.593,0.02246,"February 14, 22",0.10593
2022-02-13,0.021472,0.021779,0.021042,0.021052,0.021052,252.0,252.0,-4.2E-4,-1.956,0.02129,"February 13, 22",-0.01956
2022-02-12,0.020345,0.021751,0.020086,0.021472,0.021472,442.0,442.0,0.00113,5.554,0.0211,"February 12, 22",0.05554
2022-02-11,0.020746,0.02092,0.020034,0.020345,0.020345,214.0,214.0,-4.0E-4,-1.928,0.02043,"February 11, 22",-0.01928
2022-02-10,0.020919,0.021507,0.020328,0.020746,0.020746,35.0,35.0,-1.7E-4,-0.813,0.02086,"February 10, 22",-0.00813
2022-02-09,0.020265,0.021183,0.020163,0.020919,0.020919,80.0,80.0,6.5E-4,3.208,0.02076,"February 09, 22",0.03208
2022-02-08,0.021777,0.022261,0.020129,0.020265,0.020265,58.0,58.0,-0.00151,-6.934,0.02089,"February 08, 22",-0.06934
2022-02-07,0.021049,0.021874,0.021049,0.021777,0.021777,8.0,8.0,7.3E-4,3.468,0.02157,"February 07, 22",0.03468
2022-02-06,0.020825,0.021155,0.020469,0.021049,0.021049,50.0,50.0,2.2E-4,1.056,0.02089,"February 06, 22",0.01056
2022-02-05,0.019627,0.021552,0.019552,0.020825,0.020825,226.0,226.0,0.0012,6.114,0.02064,"February 05, 22",0.06114
2022-02-04,0.018745,0.020077,0.018744,0.019627,0.019627,170.0,170.0,8.8E-4,4.695,0.01948,"February 04, 22",0.04695
2022-02-03,0.018655,0.018815,0.018246,0.018745,0.018745,7.0,7.0,9.0E-5,0.482,0.0186,"February 03, 22",0.00482
2022-02-02,0.019383,0.019543,0.018606,0.018655,0.018655,60.0,60.0,-7.3E-4,-3.766,0.01893,"February 02, 22",-0.03766
2022-02-01,0.018959,0.019516,0.018959,0.019383,0.019383,193.0,193.0,4.2E-4,2.215,0.01929,"February 01, 22",0.02215
2022-01-31,0.018657,0.019507,0.018202,0.018959,0.018959,222.0,222.0,3.0E-4,1.608,0.01889,"January 31, 22",0.01608
2022-01-30,0.0188,0.019155,0.018421,0.018657,0.018657,88.0,88.0,-1.4E-4,-0.745,0.01874,"January 30, 22",-0.00745
2022-01-29,0.018684,0.01919,0.018442,0.0188,0.0188,,,1.2E-4,0.642,,"January 29, 22",0.00642
2022-01-28,0.018962,0.019151,0.018329,0.018684,0.018684,910.0,910.0,-2.8E-4,-1.477,0.01872,"January 28, 22",-0.01477
2022-01-27,0.02318,0.02318,0.01889,0.018962,0.018962,920.0,920.0,-0.00422,-18.205,0.02034,"January 27, 22",-0.18205
2022-01-26,0.023074,0.02318,0.023074,0.02318,0.02318,,,1.1E-4,0.477,,"January 26, 22",0.00477
2022-01-25,0.022298,0.023202,0.02148,0.023074,0.023074,159.0,159.0,7.8E-4,3.498,0.02259,"January 25, 22",0.03498
2022-01-24,0.024299,0.024305,0.020252,0.022298,0.022298,220.0,220.0,-0.002,-8.231,0.02229,"January 24, 22",-0.08231
2022-01-23,0.022729,0.024685,0.022684,0.024299,0.024299,309.0,309.0,0.00157,6.907,0.02389,"January 23, 22",0.06907
2022-01-22,0.024121,0.02456,0.021473,0.022729,0.022729,859.0,859.0,-0.00139,-5.763,0.02292,"January 22, 22",-0.05763
2022-01-21,0.028749,0.028976,0.02389,0.024121,0.024121,917.0,917.0,-0.00463,-16.105,0.02566,"January 21, 22",-0.16105
2022-01-20,0.032022,0.032022,0.028749,0.028749,0.028749,272.0,272.0,-0.00327,-10.212,0.02984,"January 20, 22",-0.10212
2022-01-19,0.032552,0.03273,0.031391,0.032022,0.032022,184.0,184.0,-5.3E-4,-1.628,0.03205,"January 19, 22",-0.01628
2022-01-18,0.034163,0.034427,0.031588,0.032552,0.032552,275.0,275.0,-0.00161,-4.713,0.03286,"January 18, 22",-0.04713
2022-01-17,0.035234,0.035378,0.033624,0.034163,0.034163,496.0,496.0,-0.00107,-3.037,0.03439,"January 17, 22",-0.03037
2022-01-16,0.035826,0.035864,0.033532,0.035234,0.035234,445.0,445.0,-5.9E-4,-1.647,0.03488,"January 16, 22",-0.01647
2022-01-15,0.035505,0.03643,0.035208,0.035826,0.035826,43.0,43.0,3.2E-4,0.901,0.03582,"January 15, 22",0.00901
2022-01-14,0.034771,0.035767,0.034251,0.035505,0.035505,27.0,27.0,7.3E-4,2.099,0.03517,"January 14, 22",0.02099
2022-01-13,0.035587,0.035668,0.034244,0.034771,0.034771,60.0,60.0,-8.2E-4,-2.304,0.03489,"January 13, 22",-0.02304
2022-01-12,0.033577,0.035666,0.033179,0.035587,0.035587,470.0,470.0,0.00201,5.986,0.03481,"January 12, 22",0.05986
2022-01-11,0.028965,0.033586,0.028792,0.033577,0.033577,790.0,790.0,0.00461,15.916,0.03198,"January 11, 22",0.15916
2022-01-10,0.032724,0.033285,0.028056,0.028965,0.028965,854.0,854.0,-0.00376,-11.49,0.0301,"January 10, 22",-0.1149
2022-01-09,0.030969,0.033248,0.030908,0.032724,0.032724,749.0,749.0,0.00176,5.683,0.03229,"January 09, 22",0.05683
2022-01-08,0.031709,0.032661,0.028969,0.030969,0.030969,427.0,427.0,-7.4E-4,-2.334,0.03087,"January 08, 22",-0.02334
2022-01-07,0.032706,0.032894,0.031404,0.031709,0.031709,1579.0,1579.0,-0.001,-3.058,0.032,"January 07, 22",-0.03058
2022-01-06,0.03245,0.033824,0.03155,0.032706,0.032706,2592.0,2592.0,2.6E-4,0.801,0.03269,"January 06, 22",0.00801
2022-01-05,0.030788,0.035494,0.030244,0.03245,0.03245,1186.0,1186.0,0.00166,5.392,0.03273,"January 05, 22",0.05392
2022-01-04,0.030884,0.031358,0.030339,0.030788,0.030788,478.0,478.0,-1.0E-4,-0.324,0.03083,"January 04, 22",-0.00324
2022-01-03,0.033103,0.033177,0.030761,0.030884,0.030884,495.0,495.0,-0.00222,-6.706,0.03161,"January 03, 22",-0.06706
2022-01-02,0.033021,0.03324,0.032505,0.033103,0.033103,93.0,93.0,8.0E-5,0.242,0.03295,"January 02, 22",0.00242
2022-01-01,0.032137,0.03307,0.031938,0.033021,0.033021,68.0,68.0,8.8E-4,2.738,0.03268,"January 01, 22",0.02738
2021-12-31,0.031615,0.032254,0.031022,0.032137,0.032137,248.0,248.0,5.2E-4,1.645,0.0318,"December 31, 21",0.01645
2021-12-30,0.03135,0.031795,0.030869,0.031659,0.031659,419.0,419.0,3.1E-4,0.989,0.03144,"December 30, 21",0.00989
2021-12-29,0.033654,0.033983,0.031294,0.031318,0.031318,246.0,246.0,-0.00234,-6.953,0.0322,"December 29, 21",-0.06953
2021-12-28,0.03548,0.035493,0.033362,0.033747,0.033747,249.0,249.0,-0.00173,-4.876,0.0342,"December 28, 21",-0.04876
2021-12-27,0.034001,0.035924,0.033841,0.035526,0.035526,193.0,193.0,0.00152,4.47,0.0351,"December 27, 21",0.0447
2021-12-26,0.034117,0.034204,0.033518,0.034048,0.034048,18.0,18.0,-7.0E-5,-0.205,0.03392,"December 26, 21",-0.00205
2021-12-25,0.03374,0.034309,0.033667,0.034061,0.034061,103.0,103.0,3.2E-4,0.948,0.03401,"December 25, 21",0.00948
2021-12-24,0.033609,0.034367,0.033274,0.033816,0.033816,249.0,249.0,2.1E-4,0.625,0.03382,"December 24, 21",0.00625
2021-12-23,0.032015,0.033832,0.03176,0.033583,0.033583,573.0,573.0,0.00157,4.904,0.03306,"December 23, 21",0.04904
2021-12-22,0.029633,0.032412,0.029518,0.03201,0.03201,529.0,529.0,0.00238,8.032,0.03131,"December 22, 21",0.08032
2021-12-21,0.029155,0.029763,0.028886,0.029658,0.029658,704.0,704.0,5.0E-4,1.715,0.02944,"December 21, 21",0.01715
2021-12-20,0.030315,0.030491,0.028965,0.029138,0.029138,1062.0,1062.0,-0.00118,-3.892,0.02953,"December 20, 21",-0.03892
2021-12-19,0.033826,0.034273,0.030326,0.030326,0.030326,510.0,510.0,-0.0035,-10.347,0.03164,"December 19, 21",-0.10347
2021-12-18,0.033304,0.034008,0.03278,0.033822,0.033822,,,5.2E-4,1.561,,"December 18, 21",0.01561
2021-12-17,0.03328,0.033876,0.032496,0.033298,0.033298,48.0,48.0,2.0E-5,0.06,0.03322,"December 17, 21",6.0E-4
2021-12-16,0.033973,0.03431,0.033281,0.033282,0.033282,88.0,88.0,-6.9E-4,-2.031,0.03362,"December 16, 21",-0.02031
2021-12-15,0.033479,0.036196,0.032108,0.033962,0.033962,41.0,41.0,4.8E-4,1.434,0.03409,"December 15, 21",0.01434
2021-12-14,0.033236,0.036196,0.032514,0.033479,0.033479,,,2.4E-4,0.722,,"December 14, 21",0.00722
2021-12-13,0.036298,0.036427,0.032859,0.033246,0.033246,,,-0.00305,-8.403,,"December 13, 21",-0.08403
2021-12-12,0.035839,0.036507,0.035629,0.036311,0.036311,997.0,997.0,4.7E-4,1.311,0.03615,"December 12, 21",0.01311
2021-12-11,0.03757,0.039271,0.034829,0.035847,0.035847,1088.0,1088.0,-0.00172,-4.578,0.03665,"December 11, 21",-0.04578
2021-12-10,0.039117,0.039876,0.037622,0.037622,0.037622,277.0,277.0,-0.00149,-3.809,0.03837,"December 10, 21",-0.03809
2021-12-09,0.041765,0.043222,0.03869,0.03919,0.03919,402.0,402.0,-0.00257,-6.153,0.04037,"December 09, 21",-0.06153
2021-12-08,0.043419,0.04441,0.040219,0.041844,0.041844,278.0,278.0,-0.00158,-3.639,0.04216,"December 08, 21",-0.03639
2021-12-07,0.041189,0.044548,0.040713,0.043341,0.043341,234.0,234.0,0.00215,5.22,0.04287,"December 07, 21",0.0522
2021-12-06,0.039257,0.041481,0.037589,0.041143,0.041143,542.0,542.0,0.00189,4.814,0.04007,"December 06, 21",0.04814
2021-12-05,0.041108,0.042559,0.038842,0.039188,0.039188,950.0,950.0,-0.00192,-4.671,0.0402,"December 05, 21",-0.04671
2021-12-04,0.041534,0.043346,0.037486,0.041089,0.041089,591.0,591.0,-4.5E-4,-1.083,0.04064,"December 04, 21",-0.01083
2021-12-03,0.043644,0.043941,0.040549,0.041523,0.041523,85.0,85.0,-0.00212,-4.857,0.042,"December 03, 21",-0.04857
2021-12-02,0.044641,0.045179,0.042781,0.043664,0.043664,147.0,147.0,-9.8E-4,-2.195,0.04387,"December 02, 21",-0.02195
2021-12-01,0.043949,0.046543,0.042308,0.044704,0.044704,2301.0,2301.0,7.6E-4,1.729,0.04452,"December 01, 21",0.01729
2021-11-30,0.042969,0.046946,0.04159,0.044019,0.044019,1269.0,1269.0,0.00105,2.444,0.04419,"November 30, 21",0.02444
2021-11-29,0.041928,0.04354,0.041582,0.042981,0.042981,229.0,229.0,0.00105,2.504,0.0427,"November 29, 21",0.02504
2021-11-28,0.041191,0.042053,0.039609,0.041934,0.041934,1304.0,1304.0,7.4E-4,1.797,0.0412,"November 28, 21",0.01797
2021-11-27,0.047335,0.048606,0.04111,0.041188,0.041188,1920.0,1920.0,-0.00615,-12.993,0.04363,"November 27, 21",-0.12993
2021-11-26,0.053616,0.054893,0.047349,0.047363,0.047363,1301.0,1301.0,-0.00625,-11.657,0.04987,"November 26, 21",-0.11657
2021-11-25,0.054414,0.058469,0.053028,0.056426,0.056426,964.0,964.0,0.00201,3.694,0.05597,"November 25, 21",0.03694
2021-11-24,0.059536,0.059779,0.054107,0.058696,0.058696,2408.0,2408.0,-8.4E-4,-1.411,0.05753,"November 24, 21",-0.01411
2021-11-23,0.060868,0.062823,0.055118,0.059555,0.059555,3459.0,3459.0,-0.00131,-2.152,0.05917,"November 23, 21",-0.02152
2021-11-22,0.0533,0.061186,0.051475,0.060858,0.060858,1542.0,1542.0,0.00756,14.184,0.05784,"November 22, 21",0.14184
2021-11-21,0.051085,0.054068,0.048997,0.053332,0.053332,4090.0,4090.0,0.00225,4.404,0.05213,"November 21, 21",0.04404
2021-11-20,0.052687,0.061378,0.048892,0.051124,0.051124,3928.0,3928.0,-0.00156,-2.961,0.0538,"November 20, 21",-0.02961
2021-11-19,0.04614,0.053597,0.046028,0.052664,0.052664,655.0,655.0,0.00652,14.131,0.05076,"November 19, 21",0.14131
2021-11-18,0.046939,0.048566,0.044367,0.046021,0.046021,1470.0,1470.0,-9.2E-4,-1.96,0.04632,"November 18, 21",-0.0196
2021-11-17,0.05915,0.060035,0.046695,0.046959,0.046959,1861.0,1861.0,-0.01219,-20.609,0.05123,"November 17, 21",-0.20609
2021-11-16,0.059259,0.059479,0.054455,0.059147,0.059147,1170.0,1170.0,-1.1E-4,-0.186,0.05769,"November 16, 21",-0.00186
2021-11-15,0.061422,0.06208,0.058589,0.059336,0.059336,1078.0,1078.0,-0.00209,-3.403,0.06,"November 15, 21",-0.03403
2021-11-14,0.066443,0.06742,0.061163,0.061431,0.061431,1355.0,1355.0,-0.00501,-7.54,0.06334,"November 14, 21",-0.0754
2021-11-13,0.059011,0.067738,0.05867,0.066441,0.066441,1203.0,1203.0,0.00743,12.591,0.06428,"November 13, 21",0.12591
2021-11-12,0.060251,0.060793,0.056774,0.058947,0.058947,1534.0,1534.0,-0.0013,-2.158,0.05884,"November 12, 21",-0.02158
2021-11-11,0.061615,0.063183,0.057741,0.060233,0.060233,3700.0,3700.0,-0.00138,-2.24,0.06039,"November 11, 21",-0.0224
2021-11-10,0.083279,0.08482,0.060199,0.06155,0.06155,3579.0,3579.0,-0.02173,-26.093,0.06886,"November 10, 21",-0.26093
2021-11-09,0.085175,0.08608,0.082739,0.083425,0.083425,4858.0,4858.0,-0.00175,-2.055,0.08408,"November 09, 21",-0.02055
2021-11-08,0.083074,0.095548,0.07999,0.085167,0.085167,5603.0,5603.0,0.00209,2.516,0.0869,"November 08, 21",0.02516
2021-11-07,0.087757,0.091613,0.080312,0.083029,0.083029,21751.0,21751.0,-0.00473,-5.39,0.08498,"November 07, 21",-0.0539
2021-11-06,0.113432,0.114953,0.06897,0.087752,0.087752,84962.0,84962.0,-0.02568,-22.639,0.09056,"November 06, 21",-0.22639
2021-11-05,0.079046,0.140485,0.071159,0.113344,0.113344,131820.0,131820.0,0.0343,43.392,0.10833,"November 05, 21",0.43392
2021-11-04,0.048637,0.09362,0.042933,0.079199,0.079199,86883.0,86883.0,0.03056,62.833,0.07192,"November 04, 21",0.62833
2021-11-03,0.033025,0.048933,0.031432,0.048578,0.048578,7507.0,7507.0,0.01555,47.086,0.04298,"November 03, 21",0.47086
2021-11-02,0.033345,0.035144,0.03291,0.032979,0.032979,3172.0,3172.0,-3.7E-4,-1.11,0.03368,"November 02, 21",-0.0111
2021-11-01,0.031645,0.033337,0.030158,0.033337,0.033337,3017.0,3017.0,0.00169,5.34,0.03228,"November 01, 21",0.0534
2021-10-31,0.03202,0.032475,0.029859,0.031636,0.031636,1470.0,1470.0,-3.8E-4,-1.187,0.03132,"October 31, 21",-0.01187
2021-10-30,0.034395,0.035153,0.031698,0.032019,0.032019,1663.0,1663.0,-0.00238,-6.92,0.03296,"October 30, 21",-0.0692
2021-10-29,0.035779,0.037351,0.03433,0.034403,0.034403,1997.0,1997.0,-0.00138,-3.857,0.03536,"October 29, 21",-0.03857
2021-10-28,0.033829,0.039064,0.033756,0.035786,0.035786,1608.0,1608.0,0.00196,5.794,0.0362,"October 28, 21",0.05794
2021-10-27,0.034163,0.036899,0.032845,0.033834,0.033834,1018.0,1018.0,-3.3E-4,-0.966,0.03453,"October 27, 21",-0.00966
2021-10-26,0.036293,0.036596,0.034059,0.034184,0.034184,2663.0,2663.0,-0.00211,-5.814,0.03495,"October 26, 21",-0.05814
2021-10-25,0.038054,0.041652,0.036221,0.036296,0.036296,3604.0,3604.0,-0.00176,-4.625,0.03806,"October 25, 21",-0.04625
2021-10-24,0.04137,0.041528,0.037987,0.038049,0.038049,1436.0,1436.0,-0.00332,-8.025,0.03919,"October 24, 21",-0.08025
2021-10-23,0.041546,0.041821,0.040544,0.041387,0.041387,395.0,395.0,-1.6E-4,-0.385,0.04125,"October 23, 21",-0.00385
2021-10-22,0.041347,0.043636,0.04119,0.041556,0.041556,964.0,964.0,2.1E-4,0.508,0.04213,"October 22, 21",0.00508
2021-10-21,0.039763,0.041925,0.038594,0.041398,0.041398,910.0,910.0,0.00164,4.124,0.04064,"October 21, 21",0.04124
2021-10-20,0.039053,0.040454,0.038395,0.039728,0.039728,269.0,269.0,6.8E-4,1.741,0.03953,"October 20, 21",0.01741
2021-10-19,0.038734,0.039793,0.038631,0.039037,0.039037,27.0,27.0,3.0E-4,0.775,0.03915,"October 19, 21",0.00775
2021-10-18,0.037613,0.038794,0.037485,0.038715,0.038715,,,0.0011,2.925,,"October 18, 21",0.02925
2021-10-17,0.03738,0.037856,0.036692,0.037617,0.037617,147.0,147.0,2.4E-4,0.642,0.03739,"October 17, 21",0.00642
2021-10-16,0.037955,0.038634,0.037128,0.037422,0.037422,222.0,222.0,-5.3E-4,-1.396,0.03773,"October 16, 21",-0.01396
2021-10-15,0.037979,0.03822,0.036451,0.037972,0.037972,308.0,308.0,-1.0E-5,-0.026,0.03755,"October 15, 21",-2.6E-4
2021-10-14,0.038824,0.039855,0.037626,0.037974,0.037974,230.0,230.0,-8.5E-4,-2.189,0.03848,"October 14, 21",-0.02189
2021-10-13,0.036401,0.038874,0.036191,0.038802,0.038802,,,0.0024,6.593,,"October 13, 21",0.06593
2021-10-12,0.034021,0.036418,0.032539,0.036351,0.036351,273.0,273.0,0.00233,6.849,0.0351,"October 12, 21",0.06849
2021-10-11,0.035566,0.037107,0.033491,0.034057,0.034057,572.0,572.0,-0.00151,-4.246,0.03488,"October 11, 21",-0.04246
2021-10-10,0.036953,0.037132,0.035501,0.035614,0.035614,658.0,658.0,-0.00134,-3.626,0.03608,"October 10, 21",-0.03626
2021-10-09,0.033293,0.037287,0.03324,0.036943,0.036943,501.0,501.0,0.00365,10.963,0.03582,"October 09, 21",0.10963
2021-10-08,0.035362,0.035586,0.033182,0.033287,0.033287,436.0,436.0,-0.00208,-5.882,0.03402,"October 08, 21",-0.05882
2021-10-07,0.037104,0.038389,0.035232,0.03536,0.03536,371.0,371.0,-0.00174,-4.69,0.03633,"October 07, 21",-0.0469
2021-10-06,0.037605,0.037624,0.035327,0.037081,0.037081,61.0,61.0,-5.2E-4,-1.383,0.03668,"October 06, 21",-0.01383
2021-10-05,0.036134,0.037646,0.03606,0.03761,0.03761,468.0,468.0,0.00148,4.096,0.03711,"October 05, 21",0.04096
2021-10-04,0.037326,0.038254,0.035794,0.036124,0.036124,1833.0,1833.0,-0.0012,-3.215,0.03672,"October 04, 21",-0.03215
2021-10-03,0.043418,0.043895,0.036495,0.037336,0.037336,2484.0,2484.0,-0.00608,-14.003,0.03924,"October 03, 21",-0.14003
2021-10-02,0.04877,0.049814,0.043313,0.043394,0.043394,1580.0,1580.0,-0.00538,-11.031,0.04551,"October 02, 21",-0.11031
2021-10-01,0.041952,0.04939,0.041599,0.048757,0.048757,696.0,696.0,0.00681,16.233,0.04658,"October 01, 21",0.16233
2021-09-30,0.03945,0.042098,0.039316,0.041941,0.041941,379.0,379.0,0.00249,6.312,0.04112,"September 30, 21",0.06312
2021-09-29,0.036059,0.040292,0.035974,0.039468,0.039468,4208.0,4208.0,0.00341,9.457,0.03858,"September 29, 21",0.09457
2021-09-28,0.055665,0.057363,0.035987,0.036091,0.036091,3649.0,3649.0,-0.01957,-35.157,0.04315,"September 28, 21",-0.35157
2021-09-27,0.056775,0.058848,0.055609,0.055656,0.055656,422.0,422.0,-0.00112,-1.973,0.0567,"September 27, 21",-0.01973
2021-09-26,0.059028,0.059028,0.052774,0.056753,0.056753,479.0,479.0,-0.00228,-3.863,0.05618,"September 26, 21",-0.03863
2021-09-25,0.059547,0.060424,0.057658,0.059055,0.059055,643.0,643.0,-4.9E-4,-0.823,0.05905,"September 25, 21",-0.00823
2021-09-24,0.062659,0.063764,0.056468,0.059493,0.059493,897.0,897.0,-0.00317,-5.059,0.05991,"September 24, 21",-0.05059
2021-09-23,0.057961,0.062787,0.056723,0.062681,0.062681,1444.0,1444.0,0.00472,8.143,0.06073,"September 23, 21",0.08143
2021-09-22,0.056821,0.060153,0.055665,0.057939,0.057939,1369.0,1369.0,0.00112,1.971,0.05792,"September 22, 21",0.01971
2021-09-21,0.060393,0.061846,0.056662,0.05684,0.05684,255.0,255.0,-0.00355,-5.878,0.05845,"September 21, 21",-0.05878
2021-09-20,0.067811,0.067929,0.059893,0.060469,0.060469,34.0,34.0,-0.00734,-10.824,0.06276,"September 20, 21",-0.10824
2021-09-19,0.068792,0.070221,0.067563,0.068006,0.068006,468.0,468.0,-7.9E-4,-1.148,0.0686,"September 19, 21",-0.01148
2021-09-18,0.066437,0.070479,0.064927,0.068786,0.068786,914.0,914.0,0.00235,3.537,0.06806,"September 18, 21",0.03537
2021-09-17,0.067029,0.070417,0.065995,0.066471,0.066471,525.0,525.0,-5.6E-4,-0.835,0.06763,"September 17, 21",-0.00835
2021-09-16,0.067408,0.068338,0.065846,0.066991,0.066991,88.0,88.0,-4.2E-4,-0.623,0.06706,"September 16, 21",-0.00623
2021-09-15,0.064219,0.068215,0.063713,0.067389,0.067389,296.0,296.0,0.00317,4.936,0.06644,"September 15, 21",0.04936
2021-09-14,0.062283,0.064265,0.060916,0.064265,0.064265,267.0,267.0,0.00198,3.179,0.06315,"September 14, 21",0.03179
2021-09-13,0.064934,0.065156,0.060681,0.062294,0.062294,1286.0,1286.0,-0.00264,-4.066,0.06271,"September 13, 21",-0.04066
2021-09-12,0.066172,0.067836,0.064159,0.064929,0.064929,1612.0,1612.0,-0.00124,-1.874,0.06564,"September 12, 21",-0.01874
2021-09-11,0.065029,0.068679,0.064884,0.066152,0.066152,811.0,811.0,0.00112,1.722,0.06657,"September 11, 21",0.01722
2021-09-10,0.069509,0.072324,0.06417,0.065009,0.065009,1610.0,1610.0,-0.0045,-6.474,0.06717,"September 10, 21",-0.06474
2021-09-09,0.074188,0.075669,0.067861,0.069515,0.069515,2188.0,2188.0,-0.00467,-6.295,0.07101,"September 09, 21",-0.06295
2021-09-08,0.076235,0.077625,0.069934,0.075015,0.075015,2162.0,2162.0,-0.00122,-1.6,0.07419,"September 08, 21",-0.016
2021-09-07,0.080928,0.08567,0.073406,0.076202,0.076202,1398.0,1398.0,-0.00473,-5.845,0.07843,"September 07, 21",-0.05845
2021-09-06,0.083816,0.084392,0.080404,0.080894,0.080894,526.0,526.0,-0.00292,-3.484,0.0819,"September 06, 21",-0.03484
2021-09-05,0.083585,0.083909,0.081849,0.083795,0.083795,284.0,284.0,2.1E-4,0.251,0.08318,"September 05, 21",0.00251
2021-09-04,0.082993,0.085633,0.082311,0.083593,0.083593,3076.0,3076.0,6.0E-4,0.723,0.08385,"September 04, 21",0.00723
2021-09-03,0.097903,0.098555,0.082373,0.082739,0.082739,3012.0,3012.0,-0.01516,-15.485,0.08789,"September 03, 21",-0.15485
2021-09-02,0.099796,0.102486,0.097112,0.097924,0.097924,144.0,144.0,-0.00187,-1.874,0.09917,"September 02, 21",-0.01874
2021-09-01,0.093667,0.099773,0.091642,0.099705,0.099705,560.0,560.0,0.00604,6.448,0.09704,"September 01, 21",0.06448
2021-08-31,0.093133,0.095433,0.092001,0.093681,0.093681,1339.0,1339.0,5.5E-4,0.591,0.0937,"August 31, 21",0.00591
2021-08-30,0.100721,0.101064,0.093152,0.093186,0.093186,1160.0,1160.0,-0.00754,-7.486,0.0958,"August 30, 21",-0.07486
2021-08-29,0.103947,0.105617,0.100484,0.100747,0.100747,678.0,678.0,-0.0032,-3.078,0.10228,"August 29, 21",-0.03078
2021-08-28,0.101952,0.10474,0.101286,0.103947,0.103947,433.0,433.0,0.00199,1.952,0.10332,"August 28, 21",0.01952
2021-08-27,0.09957,0.104974,0.097036,0.101952,0.101952,274.0,274.0,0.00238,2.39,0.10132,"August 27, 21",0.0239
2021-08-26,0.100669,0.1034,0.097311,0.099681,0.099681,183.0,183.0,-9.9E-4,-0.983,0.10013,"August 26, 21",-0.00983
2021-08-25,0.094828,0.101375,0.094605,0.10072,0.10072,2842.0,2842.0,0.00589,6.211,0.0989,"August 25, 21",0.06211
2021-08-24,0.111533,0.111989,0.094208,0.095426,0.095426,3155.0,3155.0,-0.01611,-14.444,0.10054,"August 24, 21",-0.14444
2021-08-23,0.103777,0.114952,0.103242,0.111558,0.111558,523.0,523.0,0.00778,7.497,0.10992,"August 23, 21",0.07497
2021-08-22,0.104562,0.107424,0.101358,0.10374,0.10374,77.0,77.0,-8.2E-4,-0.784,0.10417,"August 22, 21",-0.00784
2021-08-21,0.105187,0.107416,0.103454,0.104583,0.104583,395.0,395.0,-6.0E-4,-0.57,0.10515,"August 21, 21",-0.0057
2021-08-20,0.096904,0.106066,0.094938,0.10508,0.10508,374.0,374.0,0.00818,8.441,0.10203,"August 20, 21",0.08441
2021-08-19,0.090941,0.09735,0.08917,0.096742,0.096742,363.0,363.0,0.0058,6.378,0.09442,"August 19, 21",0.06378
2021-08-18,0.090785,0.093299,0.087873,0.091122,0.091122,643.0,643.0,3.4E-4,0.375,0.09076,"August 18, 21",0.00375
2021-08-17,0.097431,0.098729,0.090623,0.090689,0.090689,914.0,914.0,-0.00674,-6.918,0.09335,"August 17, 21",-0.06918
2021-08-16,0.08785,0.100397,0.087673,0.097464,0.097464,3262.0,3262.0,0.00961,10.939,0.09518,"August 16, 21",0.10939
2021-08-15,0.066471,0.088089,0.064381,0.087657,0.087657,2702.0,2702.0,0.02119,31.879,0.08004,"August 15, 21",0.31879
2021-08-14,0.066102,0.068081,0.065677,0.066544,0.066544,157.0,157.0,4.4E-4,0.666,0.06677,"August 14, 21",0.00666
2021-08-13,0.06189,0.066576,0.06168,0.06594,0.06594,645.0,645.0,0.00405,6.544,0.06473,"August 13, 21",0.06544
2021-08-12,0.063155,0.065232,0.060621,0.061858,0.061858,1019.0,1019.0,-0.0013,-2.058,0.06257,"August 12, 21",-0.02058
2021-08-11,0.060219,0.066297,0.060105,0.063147,0.063147,512.0,512.0,0.00293,4.866,0.06318,"August 11, 21",0.04866
2021-08-10,0.05737,0.060791,0.056635,0.060237,0.060237,338.0,338.0,0.00287,5.003,0.05922,"August 10, 21",0.05003
2021-08-09,0.059003,0.061061,0.056528,0.057402,0.057402,366.0,366.0,-0.0016,-2.712,0.05833,"August 09, 21",-0.02712
2021-08-08,0.060469,0.061015,0.058403,0.05905,0.05905,230.0,230.0,-0.00142,-2.348,0.05949,"August 08, 21",-0.02348
2021-08-07,0.056862,0.06073,0.056741,0.060547,0.060547,442.0,442.0,0.00369,6.489,0.05934,"August 07, 21",0.06489
2021-08-06,0.05416,0.057906,0.053794,0.056812,0.056812,1191.0,1191.0,0.00265,4.893,0.05617,"August 06, 21",0.04893
2021-08-05,0.052886,0.056295,0.051029,0.0542,0.0542,973.0,973.0,0.00131,2.477,0.05384,"August 05, 21",0.02477
2021-08-04,0.050569,0.053336,0.050013,0.052883,0.052883,906.0,906.0,0.00231,4.568,0.05208,"August 04, 21",0.04568
2021-08-03,0.057139,0.057669,0.049263,0.05058,0.05058,843.0,843.0,-0.00656,-11.481,0.0525,"August 03, 21",-0.11481
2021-08-02,0.057482,0.058007,0.056458,0.057171,0.057171,220.0,220.0,-3.1E-4,-0.539,0.05721,"August 02, 21",-0.00539
2021-08-01,0.057718,0.059422,0.057083,0.057482,0.057482,201.0,201.0,-2.4E-4,-0.416,0.058,"August 01, 21",-0.00416
2021-07-31,0.054912,0.057986,0.054748,0.057704,0.057704,513.0,513.0,0.00279,5.081,0.05681,"July 31, 21",0.05081
2021-07-30,0.059229,0.060631,0.053156,0.054861,0.054861,1047.0,1047.0,-0.00437,-7.378,0.05622,"July 30, 21",-0.07378
2021-07-29,0.063308,0.063671,0.057538,0.059232,0.059232,2220.0,2220.0,-0.00408,-6.445,0.06015,"July 29, 21",-0.06445
2021-07-28,0.048565,0.063445,0.04764,0.063198,0.063198,2007.0,2007.0,0.01463,30.125,0.05809,"July 28, 21",0.30125
2021-07-27,0.045961,0.049862,0.044848,0.048419,0.048419,404.0,404.0,0.00246,5.352,0.04771,"July 27, 21",0.05352
2021-07-26,0.04566,0.048844,0.045561,0.04598,0.04598,172.0,172.0,3.2E-4,0.701,0.04679,"July 26, 21",0.00701
2021-07-25,0.04682,0.046903,0.044294,0.045555,0.045555,181.0,181.0,-0.00127,-2.713,0.04558,"July 25, 21",-0.02713
2021-07-24,0.046154,0.047873,0.04562,0.046831,0.046831,100.0,100.0,6.8E-4,1.473,0.04677,"July 24, 21",0.01473
2021-07-23,0.045612,0.04693,0.04325,0.046068,0.046068,116.0,116.0,4.6E-4,1.009,0.04542,"July 23, 21",0.01009
2021-07-22,0.045654,0.046728,0.044819,0.045631,0.045631,177.0,177.0,-2.0E-5,-0.044,0.04573,"July 22, 21",-4.4E-4
2021-07-21,0.041563,0.046472,0.041053,0.045672,0.045672,341.0,341.0,0.00411,9.889,0.0444,"July 21, 21",0.09889
2021-07-20,0.044407,0.044632,0.040404,0.041579,0.041579,242.0,242.0,-0.00283,-6.373,0.0422,"July 20, 21",-0.06373
2021-07-19,0.047624,0.047813,0.044303,0.044422,0.044422,98.0,98.0,-0.0032,-6.719,0.04551,"July 19, 21",-0.06719
2021-07-18,0.046707,0.048698,0.046495,0.047597,0.047597,75.0,75.0,8.9E-4,1.905,0.0476,"July 18, 21",0.01905
2021-07-17,0.047491,0.047492,0.045952,0.04681,0.04681,300.0,300.0,-6.8E-4,-1.432,0.04675,"July 17, 21",-0.01432
2021-07-16,0.050658,0.051827,0.047463,0.047501,0.047501,462.0,462.0,-0.00316,-6.238,0.04893,"July 16, 21",-0.06238
2021-07-15,0.052418,0.054776,0.049832,0.050676,0.050676,161.0,161.0,-0.00174,-3.319,0.05176,"July 15, 21",-0.03319
2021-07-14,0.05205,0.052852,0.049254,0.052318,0.052318,1008.0,1008.0,2.7E-4,0.519,0.05147,"July 14, 21",0.00519
2021-07-13,0.058782,0.058804,0.051566,0.052039,0.052039,1118.0,1118.0,-0.00674,-11.466,0.05414,"July 13, 21",-0.11466
2021-07-12,0.0589,0.061869,0.057763,0.058787,0.058787,118.0,118.0,-1.1E-4,-0.187,0.05947,"July 12, 21",-0.00187
2021-07-11,0.057697,0.06006,0.057234,0.058965,0.058965,57.0,57.0,0.00127,2.201,0.05875,"July 11, 21",0.02201
2021-07-10,0.058162,0.059296,0.056746,0.057686,0.057686,431.0,431.0,-4.8E-4,-0.825,0.05791,"July 10, 21",-0.00825
2021-07-09,0.058241,0.059266,0.05631,0.058165,0.058165,378.0,378.0,-8.0E-5,-0.137,0.05791,"July 09, 21",-0.00137
2021-07-08,0.061759,0.061912,0.057539,0.057912,0.057912,2006.0,2006.0,-0.00385,-6.234,0.05912,"July 08, 21",-0.06234
2021-07-07,0.069754,0.072471,0.057936,0.061978,0.061978,2194.0,2194.0,-0.00778,-11.153,0.06413,"July 07, 21",-0.11153
2021-07-06,0.068544,0.070626,0.065539,0.069816,0.069816,47.0,47.0,0.00127,1.853,0.06866,"July 06, 21",0.01853
2021-07-05,0.071218,0.075384,0.064525,0.068413,0.068413,327.0,327.0,-0.00281,-3.946,0.06944,"July 05, 21",-0.03946
2021-07-04,0.063349,0.07555,0.06174,0.071204,0.071204,340.0,340.0,0.00785,12.392,0.0695,"July 04, 21",0.12392
2021-07-03,0.062836,0.064975,0.061394,0.063345,0.063345,986.0,986.0,5.1E-4,0.812,0.06324,"July 03, 21",0.00812
2021-07-02,0.055315,0.064177,0.053427,0.063161,0.063161,1263.0,1263.0,0.00785,14.191,0.06025,"July 02, 21",0.14191
2021-07-01,0.061486,0.061488,0.054717,0.055389,0.055389,269.0,269.0,-0.0061,-9.921,0.0572,"July 01, 21",-0.09921
2021-06-30,0.061053,0.061512,0.057324,0.06148,0.06148,44.0,44.0,4.3E-4,0.704,0.06011,"June 30, 21",0.00704
2021-06-29,0.059368,0.063768,0.059368,0.061019,0.061019,70.0,70.0,0.00165,2.779,0.06138,"June 29, 21",0.02779
2021-06-28,0.058727,0.060741,0.057824,0.059336,0.059336,26.0,26.0,6.1E-4,1.039,0.0593,"June 28, 21",0.01039
2021-06-27,0.056335,0.058714,0.055222,0.058714,0.058714,1.0,1.0,0.00238,4.225,0.05755,"June 27, 21",0.04225
2021-06-26,0.057712,0.058746,0.054025,0.056254,0.056254,,,-0.00146,-2.53,,"June 26, 21",-0.0253
2021-06-25,0.06286,0.063624,0.055737,0.057731,0.057731,130.0,130.0,-0.00513,-8.161,0.05903,"June 25, 21",-0.08161
2021-06-24,0.060619,0.064124,0.057936,0.062773,0.062773,147.0,147.0,0.00215,3.547,0.06161,"June 24, 21",0.03547
2021-06-23,0.053593,0.062674,0.052141,0.060164,0.060164,165.0,165.0,0.00657,12.259,0.05833,"June 23, 21",0.12259
2021-06-22,0.054537,0.058323,0.04633,0.05361,0.05361,456.0,456.0,-9.3E-4,-1.705,0.05275,"June 22, 21",-0.01705
2021-06-21,0.070146,0.070387,0.054568,0.054568,0.054568,2028.0,2028.0,-0.01558,-22.211,0.05984,"June 21, 21",-0.22211
2021-06-20,0.086768,0.087204,0.069925,0.070072,0.070072,2862.0,2862.0,-0.0167,-19.247,0.07573,"June 20, 21",-0.19247
2021-06-19,0.09261,0.093725,0.086536,0.086763,0.086763,1335.0,1335.0,-0.00585,-6.317,0.08901,"June 19, 21",-0.06317
2021-06-18,0.094155,0.09583,0.087824,0.092546,0.092546,784.0,784.0,-0.00161,-1.71,0.09207,"June 18, 21",-0.0171
2021-06-17,0.092189,0.096585,0.091887,0.094019,0.094019,246.0,246.0,0.00183,1.985,0.09416,"June 17, 21",0.01985
2021-06-16,0.100127,0.100127,0.091705,0.092138,0.092138,1181.0,1181.0,-0.00799,-7.98,0.09466,"June 16, 21",-0.0798
2021-06-15,0.110737,0.112112,0.099235,0.110501,0.110501,1006.0,1006.0,-2.4E-4,-0.217,0.10728,"June 15, 21",-0.00217
2021-06-14,0.091871,0.110016,0.090164,0.092586,0.092586,1.0,1.0,7.2E-4,0.784,0.09759,"June 14, 21",0.00784
2021-06-13,0.086798,0.092435,0.083666,0.091825,0.091825,,,0.00503,5.795,,"June 13, 21",0.05795
2021-06-12,0.086993,0.087811,0.082259,0.086836,0.086836,,,-1.6E-4,-0.184,,"June 12, 21",-0.00184
2021-06-11,0.089025,0.091553,0.086517,0.086952,0.086952,,,-0.00207,-2.325,,"June 11, 21",-0.02325
2021-06-10,0.094346,0.094504,0.087425,0.089058,0.089058,,,-0.00529,-5.607,,"June 10, 21",-0.05607
2021-06-09,0.088925,0.094599,0.084426,0.094365,0.094365,,,0.00544,6.118,,"June 09, 21",0.06118
2021-06-08,0.090427,0.092091,0.081194,0.088888,0.088888,,,-0.00154,-1.703,,"June 08, 21",-0.01703
2021-06-07,0.099224,0.10287,0.090372,0.090372,0.090372,,,-0.00885,-8.919,,"June 07, 21",-0.08919
2021-06-06,0.102467,0.110762,0.097461,0.099206,0.099206,1742.0,1742.0,-0.00326,-3.182,0.10248,"June 06, 21",-0.03182
2021-06-05,0.1263,0.134226,0.099588,0.102558,0.102558,1906.0,1906.0,-0.02374,-18.797,0.11212,"June 05, 21",-0.18797
2021-06-04,0.161109,0.164555,0.124828,0.126053,0.126053,5249.0,5249.0,-0.03506,-21.762,0.13848,"June 04, 21",-0.21762
2021-06-03,0.153353,0.161835,0.138801,0.161076,0.161076,10072.0,10072.0,0.00772,5.034,0.1539,"June 03, 21",0.05034
2021-06-02,0.146549,0.19455,0.142801,0.153381,0.153381,5432.0,5432.0,0.00683,4.661,0.16358,"June 02, 21",0.04661
2021-06-01,0.116546,0.147847,0.116537,0.146383,0.146383,2843.0,2843.0,0.02984,25.604,0.13692,"June 01, 21",0.25604
2021-05-31,0.094726,0.11694,0.089933,0.116509,0.116509,1345.0,1345.0,0.02178,22.993,0.10779,"May 31, 21",0.22993
2021-05-30,0.088419,0.102198,0.084825,0.094701,0.094701,2658.0,2658.0,0.00628,7.103,0.09391,"May 30, 21",0.07103
2021-05-29,0.098931,0.102846,0.086956,0.088353,0.088353,707.0,707.0,-0.01058,-10.694,0.09272,"May 29, 21",-0.10694
2021-05-28,0.091927,0.101579,0.082438,0.098919,0.098919,1762.0,1762.0,0.00699,7.604,0.09431,"May 28, 21",0.07604
2021-05-27,0.084999,0.096316,0.076584,0.091751,0.091751,1495.0,1495.0,0.00675,7.941,0.08822,"May 27, 21",0.07941
2021-05-26,0.079456,0.088399,0.078527,0.085083,0.085083,884.0,884.0,0.00563,7.086,0.084,"May 26, 21",0.07086
2021-05-25,0.075426,0.081522,0.067672,0.079392,0.079392,1034.0,1034.0,0.00397,5.263,0.0762,"May 25, 21",0.05263
2021-05-24,0.05879,0.075673,0.056929,0.075613,0.075613,1753.0,1753.0,0.01682,28.61,0.0694,"May 24, 21",0.2861
2021-05-23,0.070655,0.07557,0.052181,0.059074,0.059074,729.0,729.0,-0.01158,-16.389,0.06228,"May 23, 21",-0.16389
2021-05-22,0.07407,0.079999,0.068862,0.070734,0.070734,750.0,750.0,-0.00334,-4.509,0.0732,"May 22, 21",-0.04509
2021-05-21,0.083596,0.088435,0.065645,0.074063,0.074063,1385.0,1385.0,-0.00953,-11.4,0.07605,"May 21, 21",-0.114
2021-05-20,0.08264,0.096957,0.067651,0.083529,0.083529,1333.0,1333.0,8.9E-4,1.077,0.08271,"May 20, 21",0.01077
2021-05-19,0.119594,0.121978,0.076043,0.080443,0.080443,666.0,666.0,-0.03915,-32.736,0.09282,"May 19, 21",-0.32736
2021-05-18,0.123775,0.128581,0.118202,0.119712,0.119712,2830.0,2830.0,-0.00406,-3.28,0.12217,"May 18, 21",-0.0328
2021-05-17,0.136924,0.13722,0.113652,0.123758,0.123758,2433.0,2433.0,-0.01317,-9.618,0.12488,"May 17, 21",-0.09618
2021-05-16,0.163805,0.170662,0.127798,0.13703,0.13703,4576.0,4576.0,-0.02677,-16.343,0.14516,"May 16, 21",-0.16343
2021-05-15,0.184203,0.190926,0.162706,0.164481,0.164481,8018.0,8018.0,-0.01972,-10.706,0.1727,"May 15, 21",-0.10706
2021-05-14,0.155542,0.186147,0.154106,0.184136,0.184136,6667.0,6667.0,0.02859,18.381,0.1748,"May 14, 21",0.18381
2021-05-13,0.181625,0.183017,0.148879,0.154947,0.154947,1923.0,1923.0,-0.02668,-14.69,0.16228,"May 13, 21",-0.1469
2021-05-12,0.188344,0.206146,0.170058,0.182566,0.182566,12030.0,12030.0,-0.00578,-3.069,0.18626,"May 12, 21",-0.03069
2021-05-11,0.153278,0.210454,0.133335,0.187429,0.187429,9631.0,9631.0,0.03415,22.28,0.17707,"May 11, 21",0.2228
2021-05-10,0.153281,0.161097,0.145858,0.152979,0.152979,967.0,967.0,-3.0E-4,-0.196,0.15331,"May 10, 21",-0.00196
2021-05-09,0.158902,0.169548,0.151293,0.153189,0.153189,2722.0,2722.0,-0.00571,-3.593,0.15801,"May 09, 21",-0.03593
2021-05-08,0.161089,0.165636,0.149405,0.158335,0.158335,2453.0,2453.0,-0.00275,-1.707,0.15779,"May 08, 21",-0.01707
2021-05-07,0.173307,0.17745,0.15576,0.160943,0.160943,428.0,428.0,-0.01236,-7.132,0.16472,"May 07, 21",-0.07132
2021-05-06,0.17234,0.177065,0.161487,0.171278,0.171278,599.0,599.0,-0.00106,-0.615,0.16994,"May 06, 21",-0.00615
2021-05-05,0.162407,0.176875,0.161567,0.172303,0.172303,1699.0,1699.0,0.0099,6.096,0.17025,"May 05, 21",0.06096
2021-05-04,0.199201,0.203668,0.161998,0.162287,0.162287,25182.0,25182.0,-0.03691,-18.529,0.17598,"May 04, 21",-0.18529
2021-05-03,0.184532,0.20519,0.184163,0.199986,0.199986,16362.0,16362.0,0.01545,8.373,0.19645,"May 03, 21",0.08373
2021-05-02,0.159986,0.186262,0.159986,0.184419,0.184419,14728.0,14728.0,0.02443,15.27,0.17689,"May 02, 21",0.1527
2021-05-01,0.164523,0.16993,0.151046,0.160224,0.160224,6404.0,6404.0,-0.0043,-2.614,0.1604,"May 01, 21",-0.02614
2021-04-30,0.151265,0.1651,0.144844,0.164275,0.164275,2602.0,2602.0,0.01301,8.601,0.15807,"April 30, 21",0.08601
2021-04-29,0.13196,0.16303,0.130433,0.151355,0.151355,8596.0,8596.0,0.01939,14.694,0.14827,"April 29, 21",0.14694
2021-04-28,0.134258,0.139292,0.128002,0.131956,0.131956,1474.0,1474.0,-0.0023,-1.713,0.13308,"April 28, 21",-0.01713
2021-04-27,0.130189,0.141523,0.128521,0.134619,0.134619,1323.0,1323.0,0.00443,3.403,0.13489,"April 27, 21",0.03403
2021-04-26,0.131054,0.141997,0.126824,0.129934,0.129934,2029.0,2029.0,-0.00112,-0.855,0.13292,"April 26, 21",-0.00855
2021-04-25,0.122423,0.133213,0.119569,0.130789,0.130789,4363.0,4363.0,0.00837,6.837,0.12786,"April 25, 21",0.06837
2021-04-24,0.118077,0.127521,0.111264,0.122441,0.122441,2737.0,2737.0,0.00436,3.693,0.12041,"April 24, 21",0.03693
2021-04-23,0.117923,0.120102,0.106237,0.118012,0.118012,1210.0,1210.0,9.0E-5,0.076,0.11478,"April 23, 21",7.6E-4
2021-04-22,0.202453,0.20671,0.112129,0.117948,0.117948,6430.0,6430.0,-0.0845,-41.738,0.1456,"April 22, 21",-0.41738
2021-04-21,0.206599,0.216029,0.196276,0.202523,0.202523,,,-0.00408,-1.975,,"April 21, 21",-0.01975
2021-04-20,0.186057,0.20652,0.180048,0.20652,0.20652,,,0.02046,10.997,,"April 20, 21",0.10997
2021-04-19,0.173555,0.186394,0.171084,0.185957,0.185957,,,0.0124,7.145,,"April 19, 21",0.07145
2021-04-18,0.188247,0.189629,0.165378,0.173618,0.173618,,,-0.01463,-7.772,,"April 18, 21",-0.07772
2021-04-17,0.188113,0.194002,0.187426,0.188512,0.188512,,,4.0E-4,0.213,,"April 17, 21",0.00213
2021-04-16,0.198455,0.200037,0.187259,0.188174,0.188174,,,-0.01028,-5.18,,"April 16, 21",-0.0518
2021-04-15,0.209434,0.213221,0.19809,0.198502,0.198502,33031.0,33031.0,-0.01093,-5.219,0.20327,"April 15, 21",-0.05219
2021-04-14,0.212726,0.2165,0.204736,0.209008,0.209008,36487.0,36487.0,-0.00372,-1.749,0.21008,"April 14, 21",-0.01749
2021-04-13,0.23468,0.235301,0.212346,0.212835,0.212835,,,-0.02184,-9.306,,"April 13, 21",-0.09306
2021-04-12,0.22359,0.273627,0.217495,0.234668,0.234668,27005.0,27005.0,0.01108,4.955,0.24193,"April 12, 21",0.04955
2021-04-11,0.209986,0.226915,0.208002,0.223513,0.223513,10586.0,10586.0,0.01353,6.443,0.21948,"April 11, 21",0.06443
2021-04-10,0.229818,0.234735,0.191484,0.209857,0.209857,13503.0,13503.0,-0.01996,-8.685,0.21203,"April 10, 21",-0.08685
2021-04-09,0.241684,0.241929,0.225084,0.229995,0.229995,21108.0,21108.0,-0.01169,-4.837,0.23234,"April 09, 21",-0.04837
2021-04-08,0.243991,0.254915,0.238422,0.241769,0.241769,14509.0,14509.0,-0.00222,-0.91,0.24504,"April 08, 21",-0.0091
2021-04-07,0.263486,0.309277,0.240339,0.244051,0.244051,24366.0,24366.0,-0.01944,-7.378,0.26456,"April 07, 21",-0.07378
2021-04-06,0.274106,0.297934,0.250645,0.263422,0.263422,17912.0,17912.0,-0.01068,-3.896,0.27067,"April 06, 21",-0.03896
2021-03-22,2.6805301,2.8208711,2.6752789,2.811362,2.811362,214134.0,214134.0,0.13083,4.881,2.76917,"March 22, 21",0.04881
2021-03-21,2.911669,3.5243559,2.480546,2.6799221,2.6799221,206902.0,206902.0,-0.23175,-7.959,2.89494,"March 21, 21",-0.07959
2021-03-20,0.026249,3.338939,0.026221,2.9127109,2.9127109,134352.0,134352.0,2.88646,10996.457,2.09262,"March 20, 21",109.96457
2021-03-19,0.025875,0.026608,0.025286,0.026231,0.026231,,,3.6E-4,1.391,,"March 19, 21",0.01391
2021-03-18,0.026509,0.026856,0.025689,0.025871,0.025871,,,-6.4E-4,-2.414,,"March 18, 21",-0.02414
2021-03-17,0.026006,0.026922,0.025526,0.026504,0.026504,,,5.0E-4,1.923,,"March 17, 21",0.01923
2021-03-16,0.025898,0.026228,0.024865,0.026006,0.026006,,,1.1E-4,0.425,,"March 16, 21",0.00425
2021-03-15,0.027068,0.02727,0.025313,0.025898,0.025898,,,-0.00117,-4.322,,"March 15, 21",-0.04322
2021-03-14,0.027886,0.027886,0.026712,0.027068,0.027068,,,-8.2E-4,-2.941,,"March 14, 21",-0.02941
2021-03-13,0.025582,0.028036,0.025036,0.027886,0.027886,,,0.0023,8.991,,"March 13, 21",0.08991
2021-03-12,0.026396,0.026498,0.025033,0.025573,0.025573,,,-8.2E-4,-3.107,,"March 12, 21",-0.03107
2021-03-11,0.026056,0.026639,0.025029,0.026396,0.026396,,,3.4E-4,1.305,,"March 11, 21",0.01305
2021-03-10,0.026956,0.027069,0.025536,0.026056,0.026056,,,-9.0E-4,-3.339,,"March 10, 21",-0.03339
2021-03-09,0.02653,0.026955,0.026028,0.026955,0.026955,,,4.2E-4,1.583,,"March 09, 21",0.01583
2021-03-08,0.02498,0.026528,0.024211,0.026528,0.026528,,,0.00155,6.205,,"March 08, 21",0.06205
2021-03-07,0.024021,0.025024,0.023668,0.024981,0.024981,,,9.6E-4,3.997,,"March 07, 21",0.03997
2021-03-06,0.02214,0.024163,0.021976,0.024021,0.024021,,,0.00188,8.491,,"March 06, 21",0.08491
2021-03-05,0.022253,0.063066,0.020961,0.022139,0.022139,,,-1.1E-4,-0.494,,"March 05, 21",-0.00494
2021-03-04,0.520452,0.739959,0.021864,0.022252,0.022252,,,-0.4982,-95.724,,"March 04, 21",-0.95724
2021-03-03,0.38499,0.588498,0.383929,0.520486,0.520486,50295.0,50295.0,0.1355,35.196,0.49764,"March 03, 21",0.35196
2021-03-02,0.367917,0.385264,0.341856,0.384995,0.384995,9767.0,9767.0,0.01708,4.642,0.37071,"March 02, 21",0.04642
2021-03-01,0.21195,0.609072,0.21114,0.367905,0.367905,74995.0,74995.0,0.15595,73.579,0.39604,"March 01, 21",0.73579
2021-02-28,0.213016,0.214782,0.150751,0.21195,0.21195,20845.0,20845.0,-0.00107,-0.502,0.19249,"February 28, 21",-0.00502
2021-02-27,0.192718,0.262198,0.192718,0.213015,0.213015,10541.0,10541.0,0.0203,10.534,0.22264,"February 27, 21",0.10534
2021-02-26,0.178299,0.207598,0.169435,0.192724,0.192724,1999.0,1999.0,0.01443,8.093,0.18992,"February 26, 21",0.08093
2021-02-25,0.260827,0.264513,0.176973,0.178305,0.178305,6859.0,6859.0,-0.08252,-31.638,0.2066,"February 25, 21",-0.31638
2021-02-24,0.326961,0.365888,0.254917,0.260831,0.260831,14721.0,14721.0,-0.06613,-20.226,0.29388,"February 24, 21",-0.20226
2021-02-23,0.397058,0.398137,0.282138,0.326966,0.326966,1771.0,1771.0,-0.07009,-17.652,0.33575,"February 23, 21",-0.17652
2021-02-22,0.398381,0.408564,0.310754,0.396704,0.396704,14029.0,14029.0,-0.00168,-0.422,0.37201,"February 22, 21",-0.00422
2021-02-21,0.538704,0.559274,0.378823,0.39839,0.39839,14291.0,14291.0,-0.14031,-26.046,0.4455,"February 21, 21",-0.26046
2021-02-20,0.402571,0.952403,0.384238,0.5387,0.5387,168050.0,168050.0,0.13613,33.815,0.62511,"February 20, 21",0.33815
2021-02-19,0.206828,0.415976,0.20129,0.402566,0.402566,117182.0,117182.0,0.19574,94.639,0.33994,"February 19, 21",0.94639
2021-02-18,0.199624,0.208413,0.199567,0.206825,0.206825,414.0,414.0,0.0072,3.607,0.20494,"February 18, 21",0.03607
2021-02-17,0.182497,0.200636,0.177687,0.199623,0.199623,2276.0,2276.0,0.01713,9.386,0.19265,"February 17, 21",0.09386
2021-02-16,0.185116,0.189773,0.177682,0.182493,0.182493,595.0,595.0,-0.00262,-1.415,0.18332,"February 16, 21",-0.01415
2021-02-15,0.186521,0.190724,0.173972,0.185107,0.185107,1492.0,1492.0,-0.00141,-0.756,0.18327,"February 15, 21",-0.00756
2021-02-14,0.152775,0.188244,0.140274,0.186519,0.186519,13566.0,13566.0,0.03374,22.085,0.17168,"February 14, 21",0.22085
2021-02-13,0.161485,0.20485,0.147923,0.152775,0.152775,27429.0,27429.0,-0.00871,-5.394,0.16852,"February 13, 21",-0.05394
2021-02-12,0.147583,0.162968,0.140189,0.161485,0.161485,5387.0,5387.0,0.0139,9.418,0.15488,"February 12, 21",0.09418
2021-02-11,0.153854,0.157626,0.145687,0.147581,0.147581,2362.0,2362.0,-0.00627,-4.075,0.1503,"February 11, 21",-0.04075
2021-02-10,0.157419,0.162165,0.149908,0.153856,0.153856,327.0,327.0,-0.00356,-2.261,0.15531,"February 10, 21",-0.02261
2021-02-09,0.161207,0.17049,0.15614,0.157428,0.157428,2639.0,2639.0,-0.00378,-2.345,0.16135,"February 09, 21",-0.02345
2021-02-08,0.158915,0.172657,0.154572,0.161218,0.161218,5793.0,5793.0,0.0023,1.447,0.16282,"February 08, 21",0.01447
2021-02-07,0.182716,0.183553,0.154552,0.158915,0.158915,3880.0,3880.0,-0.0238,-13.026,0.16567,"February 07, 21",-0.13026
2021-02-06,0.188092,0.190017,0.180308,0.182717,0.182717,1038.0,1038.0,-0.00537,-2.855,0.18435,"February 06, 21",-0.02855
2021-02-05,0.191943,0.196938,0.185249,0.188092,0.188092,5497.0,5497.0,-0.00385,-2.006,0.19009,"February 05, 21",-0.02006
2021-02-04,0.16876,0.197265,0.166772,0.191943,0.191943,9238.0,9238.0,0.02318,13.735,0.18533,"February 04, 21",0.13735
2021-02-03,0.148587,0.16876,0.145548,0.16876,0.16876,5659.0,5659.0,0.02017,13.575,0.16102,"February 03, 21",0.13575
2021-02-02,0.125657,0.150825,0.125595,0.148586,0.148586,6557.0,6557.0,0.02293,18.248,0.14167,"February 02, 21",0.18248
2021-02-01,0.125471,0.165061,0.121383,0.12565,0.12565,52974.0,52974.0,1.8E-4,0.143,0.13736,"February 01, 21",0.00143
2021-01-31,0.111933,0.125528,0.104643,0.125473,0.125473,6478.0,6478.0,0.01354,12.097,0.11855,"January 31, 21",0.12097
2021-01-30,0.108753,0.112304,0.104894,0.111934,0.111934,1168.0,1168.0,0.00318,2.924,0.10971,"January 30, 21",0.02924
2021-01-29,0.092502,0.110432,0.091175,0.108754,0.108754,6036.0,6036.0,0.01625,17.567,0.10345,"January 29, 21",0.17567
2021-01-28,0.094101,0.095268,0.088689,0.0925,0.0925,2957.0,2957.0,-0.0016,-1.7,0.09215,"January 28, 21",-0.017
2021-01-27,0.101966,0.102837,0.091286,0.094111,0.094111,94.0,94.0,-0.00785,-7.699,0.09608,"January 27, 21",-0.07699
2021-01-26,0.100284,0.104132,0.094068,0.101968,0.101968,289.0,289.0,0.00168,1.675,0.10006,"January 26, 21",0.01675
2021-01-25,0.104929,0.110039,0.099207,0.100286,0.100286,266.0,266.0,-0.00464,-4.422,0.10318,"January 25, 21",-0.04422
2021-01-24,0.099182,0.109846,0.098963,0.104931,0.104931,2681.0,2681.0,0.00575,5.797,0.10458,"January 24, 21",0.05797
2021-01-23,0.099722,0.102427,0.097112,0.099184,0.099184,,,-5.4E-4,-0.542,,"January 23, 21",-0.00542
2021-01-22,0.090257,0.102836,0.084967,0.099727,0.099727,,,0.00947,10.492,,"January 22, 21",0.10492
2021-01-21,0.111833,0.111882,0.089135,0.090253,0.090253,114.0,114.0,-0.02158,-19.297,0.09709,"January 21, 21",-0.19297
2021-01-20,0.115127,0.116798,0.10371,0.111833,0.111833,1129.0,1129.0,-0.00329,-2.858,0.11078,"January 20, 21",-0.02858
2021-01-19,0.104648,0.119155,0.104498,0.115126,0.115126,604.0,604.0,0.01048,10.015,0.11293,"January 19, 21",0.10015
2021-01-18,0.126674,0.12788,0.101169,0.104651,0.104651,9574.0,9574.0,-0.02202,-17.383,0.11123,"January 18, 21",-0.17383
2021-01-17,0.143482,0.145535,0.126671,0.126671,0.126671,5356.0,5356.0,-0.01681,-11.716,0.13296,"January 17, 21",-0.11716
2021-01-16,0.151522,0.165458,0.143468,0.14348,0.14348,5012.0,5012.0,-0.00804,-5.306,0.1508,"January 16, 21",-0.05306
2021-01-15,0.164859,0.169644,0.147598,0.151522,0.151522,2350.0,2350.0,-0.01334,-8.092,0.15625,"January 15, 21",-0.08092
2021-01-14,0.171933,0.174124,0.153002,0.164852,0.164852,5999.0,5999.0,-0.00708,-4.118,0.16399,"January 14, 21",-0.04118
2021-01-13,0.166976,0.172743,0.159707,0.171931,0.171931,2515.0,2515.0,0.00495,2.964,0.16813,"January 13, 21",0.02964
2021-01-12,0.180049,0.188709,0.165349,0.166988,0.166988,3406.0,3406.0,-0.01306,-7.254,0.17368,"January 12, 21",-0.07254
2021-01-11,0.219738,0.220099,0.153173,0.180036,0.180036,2440.0,2440.0,-0.0397,-18.067,0.18444,"January 11, 21",-0.18067
2021-01-10,0.224398,0.234408,0.207477,0.219735,0.219735,254.0,254.0,-0.00466,-2.077,0.22054,"January 10, 21",-0.02077
2021-01-09,0.210716,0.229584,0.20198,0.224388,0.224388,4473.0,4473.0,0.01367,6.487,0.21865,"January 09, 21",0.06487
2021-01-08,0.22635,0.227488,0.198078,0.210716,0.210716,4193.0,4193.0,-0.01563,-6.905,0.21209,"January 08, 21",-0.06905
2021-01-07,0.228146,0.2361,0.220194,0.226206,0.226206,1604.0,1604.0,-0.00194,-0.85,0.2275,"January 07, 21",-0.0085
2021-01-06,0.256407,0.258697,0.214021,0.228162,0.228162,14135.0,14135.0,-0.02824,-11.014,0.23363,"January 06, 21",-0.11014
2021-01-05,0.257222,0.28813,0.241404,0.256306,0.256306,14762.0,14762.0,-9.2E-4,-0.358,0.26195,"January 05, 21",-0.00358
2021-01-04,0.256744,0.300065,0.241105,0.257226,0.257226,3626.0,3626.0,4.8E-4,0.187,0.26613,"January 04, 21",0.00187
2021-01-03,0.198782,0.26347,0.197802,0.256753,0.256753,2542.0,2542.0,0.05797,29.163,0.23934,"January 03, 21",0.29163
2021-01-02,0.192123,0.204939,0.189378,0.198762,0.198762,3435.0,3435.0,0.00664,3.456,0.19769,"January 02, 21",0.03456
2021-01-01,0.193627,0.196535,0.189595,0.192119,0.192119,78.0,78.0,-0.00151,-0.78,0.19275,"January 01, 21",-0.0078
2020-12-31,0.197342,0.198112,0.188789,0.193628,0.193628,1343.0,1343.0,-0.00371,-1.88,0.19351,"December 31, 20",-0.0188
2020-12-30,0.223149,0.226061,0.178631,0.197347,0.197347,17448.0,17448.0,-0.0258,-11.562,0.20068,"December 30, 20",-0.11562
2020-12-29,0.249613,0.251658,0.219999,0.223157,0.223157,6247.0,6247.0,-0.02646,-10.6,0.2316,"December 29, 20",-0.106
2020-12-28,0.255875,0.273488,0.246163,0.249611,0.249611,6701.0,6701.0,-0.00626,-2.447,0.25642,"December 28, 20",-0.02447
2020-12-27,0.223069,0.265995,0.2207,0.255872,0.255872,5513.0,5513.0,0.0328,14.704,0.24752,"December 27, 20",0.14704
2020-12-26,0.229462,0.231731,0.220117,0.223072,0.223072,2189.0,2189.0,-0.00639,-2.785,0.22497,"December 26, 20",-0.02785
2020-12-25,0.259633,0.26737,0.216067,0.229457,0.229457,12380.0,12380.0,-0.03018,-11.624,0.23763,"December 25, 20",-0.11624
2020-12-24,0.248653,0.260299,0.23025,0.259645,0.259645,41270.0,41270.0,0.01099,4.42,0.25006,"December 24, 20",0.0442
2020-12-23,0.349983,0.351256,0.248645,0.248645,0.248645,24349.0,24349.0,-0.10134,-28.956,0.28285,"December 23, 20",-0.28956
2020-12-22,0.375333,0.404011,0.325537,0.349981,0.349981,53028.0,53028.0,-0.02535,-6.754,0.35984,"December 22, 20",-0.06754
2020-12-21,0.402031,0.402031,0.337659,0.375343,0.375343,23489.0,23489.0,-0.02669,-6.639,0.37168,"December 21, 20",-0.06639
2020-12-20,0.415277,0.416125,0.37156,0.40203,0.40203,6749.0,6749.0,-0.01325,-3.191,0.39657,"December 20, 20",-0.03191
2020-12-19,0.622505,0.62716,0.35597,0.415273,0.415273,88758.0,88758.0,-0.20723,-33.29,0.46613,"December 19, 20",-0.3329
2020-12-18,0.415944,0.641098,0.375437,0.622496,0.622496,38939.0,38939.0,0.20655,49.658,0.54634,"December 18, 20",0.49658
2020-12-17,0.559261,0.563401,0.404449,0.415951,0.415951,21361.0,21361.0,-0.14331,-25.625,0.46127,"December 17, 20",-0.25625
2020-12-16,0.355769,0.559271,0.314299,0.559271,0.559271,43773.0,43773.0,0.2035,57.2,0.47761,"December 16, 20",0.572
2020-12-15,0.290489,0.418869,0.25653,0.355757,0.355757,34342.0,34342.0,0.06527,22.469,0.34372,"December 15, 20",0.22469
2020-12-14,0.278479,0.292302,0.276929,0.290499,0.290499,1239.0,1239.0,0.01202,4.316,0.28658,"December 14, 20",0.04316
2020-12-13,0.283543,0.286499,0.275442,0.278474,0.278474,1524.0,1524.0,-0.00507,-1.788,0.28014,"December 13, 20",-0.01788
2020-12-12,0.260979,0.286075,0.248304,0.283536,0.283536,5980.0,5980.0,0.02256,8.644,0.27264,"December 12, 20",0.08644
2020-12-11,0.278109,0.278128,0.259857,0.260972,0.260972,890.0,890.0,-0.01714,-6.163,0.26632,"December 11, 20",-0.06163
2020-12-10,0.288689,0.289013,0.264223,0.278119,0.278119,2038.0,2038.0,-0.01057,-3.661,0.27712,"December 10, 20",-0.03661
2020-12-09,0.264053,0.297722,0.262457,0.288681,0.288681,4370.0,4370.0,0.02463,9.328,0.28295,"December 09, 20",0.09328
2020-12-08,0.280866,0.296218,0.262908,0.264052,0.264052,7810.0,7810.0,-0.01681,-5.985,0.27439,"December 08, 20",-0.05985
2020-12-07,0.300987,0.301015,0.280681,0.280872,0.280872,1267.0,1267.0,-0.02012,-6.685,0.28752,"December 07, 20",-0.06685
2020-12-06,0.304457,0.328737,0.295565,0.30098,0.30098,6707.0,6707.0,-0.00348,-1.143,0.30843,"December 06, 20",-0.01143
2020-12-05,0.28804,0.309697,0.285413,0.304461,0.304461,4055.0,4055.0,0.01642,5.701,0.29986,"December 05, 20",0.05701
2020-12-04,0.327067,0.327516,0.287927,0.288041,0.288041,2093.0,2093.0,-0.03903,-11.933,0.30116,"December 04, 20",-0.11933
2020-12-03,0.320758,0.339568,0.316047,0.327068,0.327068,3438.0,3438.0,0.00631,1.967,0.32756,"December 03, 20",0.01967
2020-12-02,0.313901,0.34266,0.30896,0.320765,0.320765,10070.0,10070.0,0.00686,2.185,0.32413,"December 02, 20",0.02185
2020-12-01,0.383681,0.3846,0.309651,0.313897,0.313897,5203.0,5203.0,-0.06978,-18.187,0.33605,"December 01, 20",-0.18187
2020-11-30,0.340782,0.43536,0.340055,0.383701,0.383701,11045.0,11045.0,0.04292,12.595,0.38637,"November 30, 20",0.12595
2020-11-29,0.309635,0.354196,0.306666,0.340779,0.340779,7851.0,7851.0,0.03114,10.057,0.33388,"November 29, 20",0.10057
2020-11-28,0.322308,0.32946,0.28425,0.30963,0.30963,5756.0,5756.0,-0.01268,-3.934,0.30778,"November 28, 20",-0.03934
2020-11-27,0.324628,0.331988,0.310139,0.322298,0.322298,145.0,145.0,-0.00233,-0.718,0.32147,"November 27, 20",-0.00718
2020-11-26,0.351708,0.355128,0.296732,0.324606,0.324606,1609.0,1609.0,-0.0271,-7.705,0.32549,"November 26, 20",-0.07705
2020-11-25,0.34203,0.379333,0.325752,0.351708,0.351708,7187.0,7187.0,0.00968,2.83,0.35226,"November 25, 20",0.0283
2020-11-24,0.344842,0.349342,0.324568,0.342031,0.342031,5148.0,5148.0,-0.00281,-0.815,0.33865,"November 24, 20",-0.00815
2020-11-23,0.241443,0.348513,0.212491,0.344851,0.344851,42968.0,42968.0,0.10341,42.83,0.30195,"November 23, 20",0.4283
2020-11-22,0.397748,0.398999,0.241456,0.241456,0.241456,7489.0,7489.0,-0.15629,-39.294,0.29397,"November 22, 20",-0.39294
2020-11-21,0.36162,0.398519,0.327806,0.397753,0.397753,4065.0,4065.0,0.03613,9.991,0.37469,"November 21, 20",0.09991
2020-11-20,0.323181,0.401838,0.322545,0.361641,0.361641,3501.0,3501.0,0.03846,11.9,0.36201,"November 20, 20",0.119
2020-11-19,0.331135,0.333901,0.313257,0.323178,0.323178,1907.0,1907.0,-0.00796,-2.404,0.32345,"November 19, 20",-0.02404
2020-11-18,0.340036,0.35357,0.294667,0.331101,0.331101,4976.0,4976.0,-0.00894,-2.629,0.32645,"November 18, 20",-0.02629
2020-11-17,0.311027,0.343573,0.305435,0.340201,0.340201,4528.0,4528.0,0.02917,9.379,0.32974,"November 17, 20",0.09379
2020-11-16,0.216364,0.407859,0.214255,0.316879,0.316879,26800.0,26800.0,0.10052,46.459,0.313,"November 16, 20",0.46459
2020-11-15,0.212537,0.243627,0.197883,0.216353,0.216353,6530.0,6530.0,0.00382,1.797,0.21929,"November 15, 20",0.01797
2020-11-14,0.216267,0.216569,0.198134,0.212527,0.212527,1600.0,1600.0,-0.00374,-1.729,0.20908,"November 14, 20",-0.01729
2020-11-13,0.21433,0.235075,0.206706,0.216155,0.216155,4483.0,4483.0,0.00182,0.849,0.21931,"November 13, 20",0.00849
2020-11-12,0.235789,0.235794,0.20357,0.214407,0.214407,2823.0,2823.0,-0.02138,-9.067,0.21792,"November 12, 20",-0.09067
2020-11-11,0.234337,0.24178,0.222778,0.23579,0.23579,1489.0,1489.0,0.00145,0.619,0.23345,"November 11, 20",0.00619
2020-11-10,0.235649,0.241823,0.231467,0.234448,0.234448,743.0,743.0,-0.0012,-0.509,0.23591,"November 10, 20",-0.00509
2020-11-09,0.230119,0.240895,0.222272,0.235652,0.235652,1144.0,1144.0,0.00553,2.403,0.23294,"November 09, 20",0.02403
2020-11-08,0.235838,0.240426,0.228742,0.230099,0.230099,934.0,934.0,-0.00574,-2.434,0.23309,"November 08, 20",-0.02434
2020-11-07,0.214489,0.261033,0.19024,0.235545,0.235545,11537.0,11537.0,0.02106,9.819,0.22894,"November 07, 20",0.09819
2020-11-06,0.205941,0.215582,0.19745,0.214425,0.214425,2201.0,2201.0,0.00848,4.118,0.20915,"November 06, 20",0.04118
2020-11-05,0.198013,0.222497,0.19123,0.205943,0.205943,4556.0,4556.0,0.00793,4.005,0.20656,"November 05, 20",0.04005
2020-11-04,0.26305,0.277127,0.189062,0.198009,0.198009,5476.0,5476.0,-0.06504,-24.725,0.2214,"November 04, 20",-0.24725
2020-11-03,0.197185,0.30946,0.191923,0.263055,0.263055,9764.0,9764.0,0.06587,33.405,0.25481,"November 03, 20",0.33405
2020-11-02,0.201135,0.207431,0.187298,0.197168,0.197168,11311.0,11311.0,-0.00397,-1.974,0.1973,"November 02, 20",-0.01974
2020-11-01,0.245649,0.247134,0.192578,0.201127,0.201127,5823.0,5823.0,-0.04452,-18.123,0.21361,"November 01, 20",-0.18123
2020-10-31,0.257489,0.259448,0.230722,0.245622,0.245622,3314.0,3314.0,-0.01187,-4.61,0.24526,"October 31, 20",-0.0461
2020-10-30,0.282939,0.289749,0.240732,0.257487,0.257487,14519.0,14519.0,-0.02545,-8.995,0.26266,"October 30, 20",-0.08995
2020-10-29,0.311452,0.332548,0.281998,0.282942,0.282942,5004.0,5004.0,-0.02851,-9.154,0.29916,"October 29, 20",-0.09154
2020-10-28,0.346332,0.361496,0.28267,0.311436,0.311436,14215.0,14215.0,-0.0349,-10.077,0.31853,"October 28, 20",-0.10077
2020-10-27,0.326634,0.383635,0.296399,0.346302,0.346302,16829.0,16829.0,0.01967,6.022,0.34211,"October 27, 20",0.06022
2020-10-26,0.258993,0.326664,0.252109,0.326618,0.326618,13992.0,13992.0,0.06762,26.109,0.3018,"October 26, 20",0.26109
2020-10-25,0.267171,0.280687,0.217184,0.258992,0.258992,12890.0,12890.0,-0.00818,-3.062,0.25229,"October 25, 20",-0.03062
2020-10-24,0.273999,0.335351,0.257308,0.267177,0.267177,13014.0,13014.0,-0.00682,-2.489,0.28661,"October 24, 20",-0.02489
2020-10-23,0.31497,0.321443,0.254642,0.274011,0.274011,,,-0.04096,-13.004,,"October 23, 20",-0.13004
2020-10-22,0.196503,0.427219,0.196503,0.321297,0.321297,24733.0,24733.0,0.12479,63.505,0.31501,"October 22, 20",0.63505
2020-10-21,0.280351,0.282959,0.15864,0.200591,0.200591,29480.0,29480.0,-0.07976,-28.45,0.21406,"October 21, 20",-0.2845
2020-10-20,0.375983,0.375983,0.120669,0.280374,0.280374,163803.0,163803.0,-0.09561,-25.429,0.25901,"October 20, 20",-0.25429
2020-10-19,0.803,0.804429,0.037813,0.375983,0.375983,418924.0,418924.0,-0.42702,-53.178,0.40607,"October 19, 20",-0.53178
2020-10-18,0.853485,0.856931,0.77441,0.803,0.803,6971.0,6971.0,-0.05049,-5.916,0.81145,"October 18, 20",-0.05916
2020-10-17,0.787397,0.905902,0.780228,0.853887,0.853887,12062.0,12062.0,0.06649,8.444,0.84667,"October 17, 20",0.08444
2020-10-16,0.959718,0.96529,0.767422,0.787397,0.787397,38345.0,38345.0,-0.17232,-17.955,0.84004,"October 16, 20",-0.17955
2020-10-15,0.943942,1.142046,0.752904,0.937999,0.937999,144103.0,144103.0,-0.00594,-0.629,0.94432,"October 15, 20",-0.00629
2020-10-14,0.7758,0.944381,0.717737,0.943942,0.943942,89485.0,89485.0,0.16814,21.673,0.86869,"October 14, 20",0.21673
2020-10-13,0.943617,0.96228,0.70649,0.775778,0.775778,27040.0,27040.0,-0.16784,-17.787,0.81485,"October 13, 20",-0.17787
2020-10-12,0.938681,1.060683,0.919359,0.938652,0.938652,40296.0,40296.0,-3.0E-5,-0.003,0.9729,"October 12, 20",-3.0E-5
2020-10-11,1.091102,1.1062649,0.927388,0.938681,0.938681,43592.0,43592.0,-0.15242,-13.969,0.99078,"October 11, 20",-0.13969
2020-10-10,1.057182,1.148641,1.0568531,1.089617,1.089617,7504.0,7504.0,0.03244,3.069,1.09837,"October 10, 20",0.03069
2020-10-09,0.911739,1.1337889,0.89496,1.057457,1.057457,35450.0,35450.0,0.14572,15.983,1.02874,"October 09, 20",0.15983
2020-10-08,1.031944,1.0320081,0.887507,0.913591,0.913591,25700.0,25700.0,-0.11835,-11.469,0.94437,"October 08, 20",-0.11469
2020-10-07,1.139493,1.190407,0.907666,1.031944,1.031944,49715.0,49715.0,-0.10755,-9.438,1.04334,"October 07, 20",-0.09438
2020-10-06,1.1950999,1.605931,0.865772,1.121339,1.121339,171905.0,171905.0,-0.07376,-6.172,1.19768,"October 06, 20",-0.06172
2020-10-05,0.754357,1.249504,0.671998,1.1950999,1.1950999,,,0.44074,58.426,,"October 05, 20",0.58426
2020-10-04,0.863117,0.863182,0.683578,0.754357,0.754357,,,-0.10876,-12.601,,"October 04, 20",-0.12601
2020-10-03,0.529217,0.893892,0.289636,0.843148,0.843148,,,0.31393,59.32,,"October 03, 20",0.5932
2020-10-02,0.669098,0.727678,0.507157,0.529217,0.529217,,,-0.13988,-20.906,,"October 02, 20",-0.20906
2020-10-01,0.757586,0.814813,0.603258,0.669098,0.669098,,,-0.08849,-11.681,,"October 01, 20",-0.11681
