timestamp,open,high,low,close,volume
2022-10-07,66.5800,68.9200,63.3200,63.7600,106403617
2022-09-30,71.5800,71.6700,65.3700,65.5100,103161292
2022-09-23,73.7400,74.9700,70.8400,71.7600,71140369
2022-09-16,77.5900,78.2200,74.3400,74.4700,74233318
2022-09-09,75.0200,77.8200,74.6000,77.3800,55322001
2022-09-02,75.3200,76.5000,74.0500,74.6000,58846091
2022-08-26,77.3300,77.4750,75.6350,75.7100,44768365
2022-08-19,76.5700,78.0500,76.4300,77.7000,43140065
2022-08-12,74.8700,76.7300,73.9900,76.7200,40369323
2022-08-05,73.7200,75.0400,72.6200,74.2300,53702160
2022-07-29,69.3200,74.2600,69.1300,73.9500,55086916
2022-07-22,69.6000,69.7000,67.8450,69.4300,58897958
2022-07-15,69.5500,70.8100,68.3500,69.7600,53471476
2022-07-08,71.6900,71.7400,68.3100,69.8200,50967980
2022-07-01,68.8600,71.9650,68.5900,71.8500,75986654
2022-06-24,64.5800,69.1500,64.4200,69.0100,68531998
2022-06-17,70.4300,70.5900,64.3300,64.8700,123526211
2022-06-10,75.0200,75.2561,70.7400,71.3400,59352709
2022-06-03,74.6700,74.9500,73.0600,74.3500,48096522
2022-05-27,72.5600,75.3700,71.8800,75.3700,66824451
2022-05-20,71.4600,72.6600,70.5300,71.7400,79241082
2022-05-13,71.7700,72.7500,69.8400,71.4300,134600366
2022-05-06,71.6000,72.5100,69.6400,72.2100,135485427
2022-04-29,74.5100,74.5500,71.1500,71.2600,121971086
2022-04-22,76.1800,77.1650,74.2000,74.2500,95514038
2022-04-14,77.0100,77.1150,75.4300,76.0900,77694782
2022-04-08,75.1900,77.2300,74.1500,76.9600,99653924
2022-04-01,72.8500,75.5500,72.4150,75.5000,89009254
2022-03-25,70.4400,72.8100,70.3450,72.7800,73044375
2022-03-18,70.8800,71.9300,69.9900,70.8100,87609304
2022-03-11,71.0500,72.3700,69.6200,70.4300,112527869
2022-03-04,67.1700,70.9500,66.8350,70.8900,94792716
2022-02-25,66.4600,67.6600,64.2835,67.5800,84426487
2022-02-18,67.2500,67.3600,65.5300,66.2200,83159390
2022-02-11,68.3600,69.0800,66.7350,67.0300,91374277
2022-02-04,67.5600,69.4600,67.4200,68.4800,105321382
2022-01-28,68.7600,68.9800,66.1900,67.9600,127043667
2022-01-21,68.8900,69.9700,68.0300,68.8400,72827672
2022-01-14,70.3500,70.4500,68.8550,69.4000,79579040
2022-01-07,71.5500,71.5674,69.3000,70.4100,96320088
2021-12-31,69.7500,71.8300,69.5400,71.5800,41322825
2021-12-23,68.8000,70.2050,68.2350,69.7200,47960418
2021-12-17,69.0800,71.5100,69.0800,70.0100,90877002
2021-12-10,67.8400,69.4790,67.8100,69.1500,71096584
2021-12-03,67.2800,67.9350,65.7100,67.4000,97645808
2021-11-26,67.2500,68.1800,66.5910,66.7600,39990415
2021-11-19,66.9400,67.6900,66.6950,67.3000,43565469
2021-11-12,67.3000,67.3100,65.9000,66.6500,47947989
2021-11-05,66.8900,67.5300,65.9000,67.2200,55374439
2021-10-29,67.1500,67.8400,66.5800,66.9100,49463343
2021-10-22,65.2400,67.3700,64.7000,67.2500,54344122
2021-10-15,64.5000,66.2000,63.8000,65.6800,61812119
2021-10-08,63.8100,66.2400,63.7800,64.7700,72511272
2021-10-01,65.0300,65.6900,63.3700,63.8800,74634390
2021-09-24,65.7600,66.4200,64.9800,65.1400,69939080
2021-09-17,69.0300,69.1100,66.3400,66.4000,65362751
2021-09-10,69.4300,69.9900,68.3700,68.4500,48238089
2021-09-03,68.5000,70.0700,68.2536,69.4900,56242129
2021-08-27,69.8800,69.9000,68.1200,68.5200,50564475
2021-08-20,68.6800,69.9800,68.4524,69.9300,65775246
2021-08-13,67.5000,68.7600,67.0600,68.6800,46842632
2021-08-06,66.1200,67.9400,65.9300,67.4500,66864183
2021-07-30,65.5800,67.0450,65.2700,65.9700,66333869
2021-07-23,66.0000,66.5250,64.4800,65.7100,70457224
2021-07-16,64.5300,66.6100,64.0400,66.2700,61108625
2021-07-09,64.0100,64.9100,63.2800,64.6000,42176536
2021-07-02,64.2400,64.7100,62.9900,64.0200,51062108
2021-06-25,63.8100,64.6200,63.0200,63.9800,51825574
2021-06-18,66.1200,66.8600,64.0000,64.1000,77288768
2021-06-11,65.4500,66.1600,64.6700,66.1100,42900378
2021-06-04,65.3100,65.7600,64.5802,65.3900,40360676
2021-05-28,66.4800,66.5900,64.7900,65.1600,46586987
2021-05-21,65.8800,66.4050,64.4900,66.1600,58530945
2021-05-14,66.1800,67.3750,64.3200,65.9100,65669845
2021-05-07,66.8700,67.3300,64.9700,66.0400,54984549
2021-04-30,66.6100,66.7400,65.2900,66.7200,44193460
2021-04-23,67.2500,68.0500,66.4100,66.5800,52574022
2021-04-16,64.8300,67.4700,64.4950,67.2100,46908635
2021-04-09,64.2100,65.3100,64.1350,64.8200,49003535
2021-04-01,63.3400,64.4500,63.1000,63.9800,49096579
2021-03-26,61.6000,63.5300,61.2050,63.4700,61448383
2021-03-19,62.5000,63.4500,61.3900,62.2000,78205001
2021-03-12,59.8500,62.6000,59.6900,62.4100,62641550
2021-03-05,59.1000,60.3150,58.2700,59.6800,92182903
2021-02-26,61.2400,61.3100,58.3400,58.3600,77300714
2021-02-19,62.5500,62.6300,61.3600,61.4100,42717609
2021-02-12,63.7300,63.7500,62.2900,62.6200,45588535
2021-02-05,62.5500,63.9400,61.9300,63.5900,47847571
2021-01-29,62.6200,64.1900,61.4700,62.1500,74917887
2021-01-22,63.3300,63.3990,62.3300,62.8400,48262815
2021-01-15,62.1000,63.1800,60.6800,62.9900,60794393
2021-01-08,62.8100,63.0900,60.6073,62.3300,64789482
2020-12-31,61.5300,62.7900,61.2500,62.7000,28466492
2020-12-24,61.2800,61.6700,60.3200,61.2100,35454207
2020-12-18,62.6800,63.5800,61.8600,62.2900,60073566
2020-12-11,62.2000,63.0650,61.8200,62.2400,48161254
2020-12-04,63.5800,64.1700,62.0550,62.4100,60511672
2020-11-27,63.7900,64.4400,63.2600,63.7600,36890966
2020-11-20,66.9100,66.9500,63.0755,63.5400,57698178
2020-11-13,65.9900,67.9300,64.9250,66.0900,88024849
2020-11-06,63.2300,65.4450,62.6000,64.1300,73606477
2020-10-30,64.2500,65.3400,61.7600,62.3800,69533195
2020-10-23,63.9700,65.0000,63.2800,64.7500,47740133
2020-10-16,63.5200,64.3100,62.6000,64.0000,46362368
2020-10-09,60.8500,63.8700,60.4400,63.4800,61792209
2020-10-02,58.9800,61.0000,58.5800,60.6900,61521886
2020-09-25,57.6000,58.7799,56.7200,58.7200,63550341
2020-09-18,59.2200,61.0300,58.3900,58.5200,61049280
2020-09-11,59.4300,60.5850,58.4700,58.9300,60736786
2020-09-04,58.9800,61.0400,58.3400,59.3700,79281038
2020-08-28,59.5900,60.0600,58.4610,59.0700,58895901
2020-08-21,60.4300,60.8250,58.8200,59.4200,50560679
2020-08-14,61.6900,61.9500,59.9750,60.3800,77869954
2020-08-07,60.7900,61.7250,59.6799,61.4900,71572338
2020-07-31,60.3000,60.9900,59.1200,60.8300,64170186
2020-07-24,60.0000,61.4200,58.8400,60.2800,78920250
2020-07-17,57.7700,60.3700,57.5600,60.2100,103194495
2020-07-10,58.1100,58.4900,55.9100,57.7700,70364746
2020-07-02,55.6200,58.5200,55.0300,57.9000,63773845
2020-06-26,56.9800,58.2300,54.8100,55.1800,90325285
2020-06-19,57.6300,60.8300,57.1300,57.4900,88527273
2020-06-12,61.3000,63.0300,57.9500,58.6700,105037009
2020-06-05,59.6700,62.3600,59.3300,61.1900,85363073
2020-05-29,57.5000,60.0000,56.7400,59.6900,70075021
2020-05-22,56.1000,57.4200,55.6800,56.4800,79964972
2020-05-15,55.7200,56.3100,53.6600,54.8100,115139425
2020-05-08,55.5900,57.4400,54.7500,56.1600,82319777
2020-05-01,58.6600,60.4000,55.5600,55.8800,71669804
2020-04-24,60.1500,60.1500,56.6400,58.3200,74768951
2020-04-17,60.5200,60.8500,58.0600,60.5300,65011602
2020-04-09,53.6900,61.7800,53.6900,60.8300,121608113
2020-04-03,56.1600,58.0900,51.0800,51.7900,132691847
2020-03-27,47.1900,57.6900,43.4400,55.6800,146062294
2020-03-20,52.4600,58.1500,47.4800,47.8200,170842796
2020-03-13,63.5500,65.2500,53.6500,57.6700,175444259
2020-03-06,62.5000,68.8100,62.3500,67.1100,205904135
2020-02-28,70.0300,70.4200,60.7000,62.1800,208602386
2020-02-21,70.6600,71.1000,69.8900,70.3300,52362879
2020-02-14,68.7000,70.4500,68.4500,70.3900,50598088
2020-02-07,69.0900,69.3700,68.2100,68.5900,76195599
2020-01-31,68.3200,69.4400,68.0000,68.9800,74474258
2020-01-24,66.9100,68.6100,66.6400,68.3600,62087621
2020-01-17,64.3800,66.8500,64.3800,66.7600,64205780
2020-01-10,63.8600,64.6300,63.5500,64.4000,58482234
2020-01-03,64.1100,64.7500,63.5700,63.9400,59839622
2019-12-27,64.7000,64.7300,63.7400,64.3800,37950915
2019-12-20,63.3700,64.9400,63.3700,64.5900,90301542
2019-12-13,63.3500,63.4800,62.6100,63.3700,79592029
2019-12-06,62.7500,63.5800,62.5100,63.2100,73256170
2019-11-29,63.0600,63.4700,62.6500,63.0500,54198501
2019-11-22,62.9800,63.5000,62.4900,63.0000,79915483
2019-11-15,61.7700,62.9700,61.3100,62.8500,66036559
2019-11-08,64.0300,64.0700,61.4800,61.7500,102692628
2019-11-01,63.8300,64.4900,63.0600,64.0900,92929130
2019-10-25,63.8300,64.9600,63.6300,64.1600,68623160
2019-10-18,64.1000,64.1300,62.9800,63.8200,69930355
2019-10-11,64.7100,64.7900,63.6000,63.9200,76003726
2019-10-04,64.7500,65.0700,63.4200,64.7700,108129242
2019-09-27,63.8500,65.1100,63.7200,64.7000,82033126
2019-09-20,63.0400,64.1700,62.6400,63.8700,84863728
2019-09-13,62.6800,63.7700,62.0400,62.9400,107272558
2019-09-06,62.5600,64.0300,62.4900,62.8100,79176312
2019-08-30,61.6300,62.8000,61.4800,62.5800,77788754
2019-08-23,61.2500,62.4600,61.1500,61.4800,80376361
2019-08-16,60.8800,61.5700,60.1300,61.3800,94360900
2019-08-09,60.2800,61.1400,58.6900,60.8700,107438536
2019-08-02,60.1500,60.6500,59.1900,60.1500,104430618
2019-07-26,60.5200,60.5800,59.4500,59.9800,71555050
2019-07-19,60.6200,61.2900,60.1800,60.3700,67116168
2019-07-12,60.7200,61.3200,60.3400,60.6100,69630643
2019-07-05,59.6700,61.0800,58.9400,60.6800,71054031
2019-06-28,61.1000,61.1900,59.1700,59.6300,69190012
2019-06-21,60.8100,61.3800,59.9800,60.9900,90399509
2019-06-14,59.8800,60.9200,58.9500,60.8100,74541722
2019-06-07,58.4400,61.1900,57.7850,60.0600,115124122
2019-05-31,59.9100,59.9600,57.7400,58.2500,71596645
2019-05-24,58.9100,60.2700,58.7100,59.8300,53758169
2019-05-17,57.7800,59.0100,57.7000,58.7800,76669011
2019-05-10,58.3000,58.4600,56.6600,57.9600,95956209
2019-05-03,58.0500,58.7500,57.5200,58.3000,108740828
2019-04-26,57.2700,58.6800,56.9800,58.1000,73952821
2019-04-18,58.2600,58.4600,57.2100,57.2900,66176389
2019-04-12,57.9700,58.3400,57.4400,58.2100,77913464
2019-04-05,58.1700,58.1700,57.2200,58.1000,98794520
2019-03-29,58.5400,59.0700,57.6400,58.1700,93370275
2019-03-22,58.2200,58.9000,57.1000,58.4900,92349734
2019-03-15,57.5700,58.7400,57.5300,58.1900,80318796
2019-03-08,57.2000,57.7100,56.6700,57.5500,68831895
2019-03-01,57.1000,57.1700,56.3200,57.1300,64965322
2019-02-22,55.7500,57.0600,55.5800,57.0500,63195605
2019-02-15,55.6800,56.0700,55.3400,55.7100,71302754
2019-02-08,54.3100,55.7100,53.9300,55.6800,70275736
2019-02-01,53.3300,54.9200,52.8300,54.5500,84025278
2019-01-25,53.1300,54.1400,52.7200,53.3200,71204037
2019-01-18,52.6000,53.3200,51.5400,53.1400,103871881
2019-01-11,52.4400,53.5300,52.1200,53.2300,101286608
2019-01-04,52.8500,53.0700,51.6900,52.7700,82067117
2018-12-28,53.7100,54.1100,50.8100,52.8300,104322772
2018-12-21,56.9300,56.9700,53.6500,53.8100,156444444
2018-12-14,56.4600,57.1800,55.4800,56.8200,108767008
2018-12-07,55.4100,56.8100,55.0900,56.4600,84602036
2018-11-30,54.1700,55.6400,53.8800,55.5900,77003188
2018-11-23,54.8000,55.6700,53.7500,54.1100,66027994
2018-11-16,54.4700,55.4100,53.5700,54.8800,134687719
2018-11-09,53.3900,55.1100,53.2600,54.8700,95646136
2018-11-02,53.4900,54.6600,52.8000,53.1500,126345639
2018-10-26,54.6300,55.4900,53.0000,53.3700,127142236
2018-10-19,52.9400,54.8600,52.8800,54.5700,96858451
2018-10-12,53.8400,54.8900,52.5100,52.9500,134950846
2018-10-05,52.4900,53.8000,52.0200,53.6300,107558336
2018-09-28,52.8800,53.0700,51.3400,52.6500,89517334
2018-09-21,54.2000,54.5600,52.5100,53.0600,87693817
2018-09-14,54.2100,54.6100,53.8400,54.3000,50631110
2018-09-07,53.5300,54.9400,53.4800,54.1000,56336226
2018-08-31,53.7700,54.0000,53.1300,53.4700,59969623
2018-08-24,54.6300,54.6600,53.2300,53.7300,53092421
2018-08-17,53.0800,54.7600,52.8100,54.5200,73878084
2018-08-10,53.3500,53.6600,52.7900,52.9900,64294943
2018-08-03,52.5700,53.4400,52.0000,53.3000,77390048
2018-07-27,52.3000,53.0700,51.1800,52.6400,78750333
2018-07-20,52.5000,52.9700,51.9400,52.2900,56855845
2018-07-13,53.1600,53.1700,50.8900,52.5400,104914146
2018-07-06,51.9900,53.2900,51.7500,53.1700,49735975
2018-06-29,50.7600,52.3700,50.7600,51.9600,92556398
2018-06-22,49.5100,50.8800,49.4100,50.7500,71872788
2018-06-15,48.8000,49.7400,48.4500,49.5400,88572043
2018-06-08,50.3100,50.5200,48.3500,48.6900,88174104
2018-06-01,50.4100,51.2900,49.9700,50.2100,63454890
2018-05-25,49.0500,50.6300,48.8300,50.5000,62120389
2018-05-18,50.4600,50.5500,48.6100,48.9900,56211318
2018-05-11,51.4800,51.5900,49.4200,50.3800,74260984
2018-05-04,51.7900,51.9600,50.7000,51.5100,64921417
2018-04-27,50.3700,51.9000,50.1400,51.7100,71169229
2018-04-20,49.9000,51.4900,49.8700,50.3000,71959943
2018-04-13,50.4600,50.8700,49.3000,49.7900,56410461
2018-04-06,50.6200,51.0000,49.7800,50.4200,76547071
2018-03-29,49.2200,50.8000,49.1200,50.5300,73854139
2018-03-23,50.2200,50.5600,48.9600,49.0600,98560580
2018-03-16,49.4200,50.6600,49.3400,50.2500,95060811
2018-03-09,48.8200,50.0500,48.7100,49.4000,78244654
2018-03-02,50.5500,50.6400,48.5300,48.9400,82200946
2018-02-23,49.9500,50.4100,48.8000,50.3500,80006016
2018-02-16,48.6600,50.2400,48.2200,50.1200,108483223
2018-02-09,49.8000,50.3300,47.3700,48.5600,165488577
2018-02-02,50.8000,51.1800,49.8200,49.8800,108921265
2018-01-26,50.2300,51.3000,49.9800,51.0400,116976831
2018-01-19,50.4600,50.6000,49.8600,49.9900,90705943
2018-01-12,51.4200,51.8500,50.1100,50.2600,80482049
2018-01-05,52.6700,52.7400,51.0700,51.3300,71466034
2017-12-29,52.5100,52.9100,52.1300,52.6800,30801018
2017-12-22,55.0700,55.2300,52.1600,52.4500,81454030
2017-12-15,55.8200,56.2400,54.8400,55.0200,81152260
2017-12-08,56.4400,56.6600,55.1100,55.8700,63827091
2017-12-01,55.9500,56.9000,55.8100,56.4100,71918920
2017-11-24,55.8400,56.1000,55.5500,55.8800,27628991
2017-11-17,55.5700,57.2300,55.5700,55.8100,62352879
2017-11-10,55.2800,55.8700,54.8900,55.5100,54669090
2017-11-03,55.0300,55.4800,54.6700,55.2100,56827802
2017-10-27,54.8500,55.2450,54.0500,55.0500,67973454
2017-10-20,54.1300,54.9700,53.5900,54.8600,51054249
2017-10-13,53.5300,54.7700,53.4300,54.1500,57517423
2017-10-06,53.0200,53.5750,52.6600,53.4300,61207679
2017-09-29,53.3100,53.8075,52.5700,53.0500,60391559
2017-09-22,54.7100,54.7500,53.2300,53.2300,73284702
2017-09-15,55.2600,55.9000,54.4400,54.7500,58422335
2017-09-08,54.9000,55.4000,54.5900,55.3600,41840738
2017-09-01,55.3300,55.4200,54.6400,54.8000,43285815
2017-08-25,54.6600,55.3369,54.4450,55.1400,35728269
2017-08-18,53.7500,54.7600,53.6500,54.5000,52346869
2017-08-11,53.8400,54.4000,53.5500,53.7400,40519191
2017-08-04,52.9800,54.0200,52.9000,53.7800,58630435
2017-07-28,53.3200,53.3200,52.4000,53.0400,48959932
2017-07-21,51.9500,53.2900,51.8400,53.2900,43956569
2017-07-14,51.6400,52.1600,51.1700,51.9200,57040751
2017-07-07,52.0400,52.1800,51.2550,51.4900,54028292
2017-06-30,53.3300,53.8700,51.8400,51.9600,65831010
2017-06-23,54.1600,54.1900,53.1000,53.2100,52061700
2017-06-16,53.7400,54.3550,53.2700,54.1100,70813340
2017-06-09,54.2800,54.3300,53.2850,53.6700,49963416
2017-06-02,53.4400,54.6300,53.2934,54.2800,39988018
2017-05-26,52.0000,53.5200,51.9700,53.4000,55097424
2017-05-19,51.7400,52.1450,51.4350,52.0800,55814340
2017-05-12,51.7700,51.8400,51.0700,51.7300,40210691
2017-05-05,51.8200,51.9200,51.1100,51.7300,55462730
2017-04-28,51.7800,52.2000,51.4300,51.7000,57468027
2017-04-21,51.8000,52.1400,51.1000,51.7300,61238336
2017-04-13,51.4300,51.9200,51.1300,51.6800,39706182
2017-04-07,51.3100,51.8900,50.8300,51.4000,67565410
2017-03-31,52.1000,52.2100,50.9700,51.3100,56956996
2017-03-24,51.3500,52.2300,50.7500,51.8900,92790058
2017-03-17,50.9200,52.1400,50.8600,51.2300,82204563
2017-03-10,51.4300,51.5800,50.5000,50.9600,68296569
2017-03-03,51.4900,52.0000,50.9800,51.5200,92461388
2017-02-24,49.5000,51.5900,49.3300,51.5900,61008583
2017-02-17,49.3300,49.7200,48.6500,49.5700,74726807
2017-02-10,49.0900,49.4900,48.7500,49.2900,53005136
2017-02-03,48.4100,49.2200,48.1400,48.9000,76611364
2017-01-27,48.7100,48.8200,48.1110,48.3900,59621785
2017-01-20,48.6700,49.2200,48.3300,48.6400,54230312
2017-01-13,49.0100,49.0300,47.8500,48.5100,60052743
2017-01-06,48.5000,48.9200,48.1399,48.8300,60704754
2016-12-30,48.4200,48.9499,48.1200,48.5700,50668154
2016-12-23,48.7000,48.8900,48.1700,48.6100,44000587
2016-12-16,47.7600,49.4400,47.5950,48.4100,108490505
2016-12-09,46.6000,47.9800,46.1700,47.9600,66621654
2016-12-02,47.3000,48.5000,46.0438,46.8000,96105223
2016-11-25,46.4200,47.3200,46.3000,47.1600,44957493
2016-11-18,45.6800,46.9700,45.3250,46.2900,100076543
2016-11-11,48.1500,49.3600,45.6100,46.0300,163449911
2016-11-04,48.5800,49.7200,47.5150,47.9500,99737880
2016-10-28,48.2100,48.6900,47.8900,48.4600,63465709
2016-10-21,47.9000,48.6550,47.7901,48.0000,61787953
2016-10-14,47.1500,48.3300,46.8900,47.7500,88037040
2016-10-07,49.0100,49.0100,46.7900,47.1200,110735246
2016-09-30,50.9400,51.2300,48.7400,48.9900,76682165
2016-09-23,49.4200,51.0900,49.3000,50.9400,67831773
2016-09-16,48.3800,49.4200,48.3800,49.2600,115752856
2016-09-09,49.8900,50.4100,48.4438,48.4600,65350105
2016-09-02,49.3000,49.7500,48.8700,49.6300,69031172
2016-08-26,50.3500,50.7200,49.1100,49.1500,54862642
2016-08-19,50.9000,51.0800,49.0900,50.2700,89914809
2016-08-12,50.7100,51.2700,50.5500,50.9000,53754575
2016-08-05,51.9900,52.2700,50.7000,50.7300,75992917
2016-07-29,52.6900,52.7400,51.1600,52.1200,66807634
2016-07-22,52.0600,52.8100,51.4700,52.7600,59924747
2016-07-15,52.3800,52.5400,51.6100,52.0000,77392017
2016-07-08,52.6400,53.0200,51.4400,52.5400,66466787
2016-07-01,50.3500,52.7600,50.2800,52.4800,79169112
2016-06-24,50.4700,50.8600,49.7900,50.6100,65201048
2016-06-17,50.6500,50.8900,50.0400,50.5500,64885420
2016-06-10,50.1000,50.9100,49.8000,50.5700,48125878
2016-06-03,48.7500,50.3500,48.7400,50.0800,53287185
2016-05-27,48.2800,48.9200,47.8000,48.8300,68682177
2016-05-20,49.2200,49.4600,47.2500,48.2900,90645295
2016-05-13,48.8600,49.7100,48.7600,49.3900,67017696
2016-05-06,48.4500,49.7450,48.3900,48.8300,85597131
2016-04-29,47.1500,48.4750,47.1200,48.4200,90658549
2016-04-22,48.8600,49.2600,46.7250,47.3492,90062587
2016-04-15,48.8500,49.1600,48.4200,48.8900,60908775
2016-04-08,49.8200,49.8800,48.3100,48.8500,85956595
2016-04-01,48.9900,49.8800,48.6300,49.8100,75890895
2016-03-24,48.4800,48.9800,48.1110,48.9100,57513199
2016-03-18,48.1400,49.4200,47.7950,48.6300,87854776
2016-03-11,47.0300,48.4500,46.8800,48.1500,84289485
2016-03-04,46.1000,47.2600,45.0800,47.1100,117404431
2016-02-26,46.4500,47.4800,46.1600,46.1700,86090101
2016-02-19,45.7900,46.6700,45.3700,46.2000,69623219
2016-02-12,46.4700,47.0000,45.1900,45.5600,123961998
2016-02-05,45.2100,46.8300,45.1800,46.5700,133520391
2016-01-29,43.7800,45.4600,43.2700,45.4200,72217398
2016-01-22,43.6400,44.1800,42.4500,43.8000,66931457
2016-01-15,43.1400,44.0450,42.8300,43.4100,90228972
2016-01-08,43.0300,43.6100,42.5550,43.1100,62453639
2015-12-31,43.2100,43.9400,42.8900,43.2800,32522392
2015-12-24,42.6100,43.6000,42.2100,43.4700,28454687
2015-12-18,41.9500,43.7300,41.5050,42.5100,76383785
2015-12-11,42.3700,43.0600,41.5000,41.7900,58865219
2015-12-04,42.8000,43.2500,41.7400,42.4700,62331323
2015-11-27,43.4400,43.4910,42.5100,42.7500,32347184
2015-11-20,42.6200,43.7000,42.1301,43.3900,63016925
2015-11-13,42.0600,43.4100,41.9700,42.5400,51167310
2015-11-06,43.7200,44.2950,41.8900,42.2500,86710092
2015-10-30,44.6900,44.7200,42.9650,43.7500,64952324
2015-10-23,44.7400,45.5200,44.3600,44.5900,54085598
2015-10-16,43.9500,45.0600,43.8010,44.7800,42604692
2015-10-09,43.4700,44.0700,43.2950,43.7900,56687028
2015-10-02,42.7300,43.4500,42.3550,43.3500,56530718
2015-09-25,42.2000,43.1500,41.7300,42.7300,45840647
2015-09-18,41.7000,43.4200,41.4350,42.2300,60653351
2015-09-11,41.3400,42.0500,41.0000,41.5500,36992200
2015-09-04,43.0900,43.0900,40.8015,40.9600,62620632
2015-08-28,44.1600,44.5700,41.9650,43.1500,112328746
2015-08-21,45.7200,46.1400,45.0200,45.0500,61656694
2015-08-14,44.4000,45.6000,44.1000,45.5700,71783753
2015-08-07,44.0500,44.5800,43.2300,44.3900,74688341
2015-07-31,42.3300,44.3390,42.2100,43.9900,57565749
2015-07-24,43.1700,43.3700,42.0800,42.3300,50885186
2015-07-17,43.0900,43.8500,42.6950,43.3500,48391692
2015-07-10,42.1700,43.6225,42.0200,42.9700,83594375
2015-07-02,41.7200,42.3550,41.3700,42.2300,48107342
2015-06-26,42.8600,42.9600,41.3100,41.7900,59237957
2015-06-19,42.4200,43.7100,42.2100,42.7900,68614573
2015-06-12,42.7600,43.0100,42.3700,42.5400,46883271
2015-06-05,44.6200,44.8300,42.5500,42.7200,73571121
2015-05-29,44.5000,44.7000,44.0000,44.5000,37348932
2015-05-22,44.1000,44.9751,44.1000,44.5700,49205201
2015-05-15,44.0200,44.4100,43.1000,44.3200,70186564
2015-05-08,44.4800,45.1400,43.1300,44.0300,75990546
2015-05-01,45.2700,45.3400,43.8800,44.4700,63680919
2015-04-24,44.2800,45.4600,44.1700,45.1500,53476106
2015-04-17,44.5700,44.9428,43.8900,44.1000,51251481
2015-04-10,44.7400,45.4400,44.0600,44.6600,49053067
2015-04-02,44.1200,44.8400,43.7700,44.5500,47244546
2015-03-27,44.9500,45.2200,43.4900,43.8800,54525989
2015-03-20,43.8000,45.6500,43.7300,44.9800,72763459
2015-03-13,43.5000,44.1100,43.0100,43.4800,67702886
2015-03-06,45.2000,45.2000,43.2200,43.3900,96495036
2015-02-27,45.7700,46.5900,45.0150,45.2300,61955706
2015-02-20,45.0300,46.2600,44.7300,45.6900,86630992
2015-02-13,46.4600,47.1700,44.8100,45.1700,113411754
2015-02-06,48.3100,48.8800,46.2700,46.5600,97765562
2015-01-30,49.1000,49.7800,48.2600,48.3200,57530770
2015-01-23,48.7600,49.4800,48.2700,49.1400,49687338
2015-01-16,47.4300,48.6400,46.9600,48.6200,69881804
2015-01-09,47.6000,47.8600,46.6500,47.3800,80495780
2015-01-02,48.5800,49.3300,46.9050,47.4400,69607037
2014-12-26,46.9900,48.7600,46.5800,48.5500,55113285
2014-12-19,46.0200,47.2200,45.1300,46.8600,77220345
2014-12-12,45.8700,46.7900,45.4000,45.9100,52711668
2014-12-05,45.9100,46.5400,45.6250,45.8700,71626826
2014-11-28,45.7600,46.2100,45.0432,46.0000,39463006
2014-11-21,44.9900,45.9300,44.8650,45.7000,50574390
2014-11-14,46.1900,46.5600,44.8400,44.9400,56014105
2014-11-07,45.5200,46.6100,45.3100,46.2500,98737375
2014-10-31,44.5200,45.6300,44.0300,45.4700,84362183
2014-10-24,43.1300,44.6600,42.9600,44.5300,54597447
2014-10-17,43.0200,43.7900,41.9000,43.0000,98469278
2014-10-10,42.5900,43.6700,42.3500,42.9300,69373002
2014-10-03,41.6700,42.7300,41.5350,42.5400,57242357
2014-09-26,42.4300,42.4800,41.4000,41.7600,46903488
2014-09-19,42.4400,43.1500,42.2200,42.5400,60754400
2014-09-12,43.6600,43.6600,42.1600,42.2600,57546300
2014-09-05,43.2200,43.6400,42.6300,43.6200,39539600
2014-08-29,42.5400,43.3000,42.2300,43.2800,34823900
2014-08-22,42.0050,42.8200,41.7900,42.4500,36935500
2014-08-15,41.5100,42.2200,41.1800,41.9700,37976600
2014-08-08,41.4000,41.4600,40.0700,41.4400,127437900
2014-08-01,42.3400,43.3100,41.0200,41.4100,62131200
2014-07-25,42.6900,42.8800,42.3810,42.4400,29747000
2014-07-18,42.9600,43.0600,42.1900,42.7400,38023200
2014-07-11,42.4800,43.2200,42.4700,42.8300,55582700
2014-07-03,43.9500,44.3600,42.3100,42.5000,52047200
2014-06-27,43.5900,44.0190,43.1230,43.9100,51355600
2014-06-20,42.5900,44.1650,42.5100,43.4700,98837800
2014-06-13,43.0000,43.1500,41.6300,42.5500,52784000
2014-06-06,42.6200,43.4700,42.5400,43.0800,38781000
2014-05-30,42.1400,42.7600,42.0300,42.7400,40076500
2014-05-23,42.0300,42.1000,41.2300,41.7600,45268000
2014-05-16,42.3500,42.4500,41.7900,42.1400,64009500
2014-05-09,42.4600,43.3900,42.2400,42.2600,66454000
2014-05-02,43.0500,43.5200,42.3100,42.5000,104750400
2014-04-25,42.3000,43.1100,42.0400,43.1100,66548800
2014-04-17,41.8800,42.9200,41.6500,42.3000,55064800
2014-04-11,41.4300,42.2200,41.1100,41.6900,77193900
2014-04-04,41.2400,41.9200,40.9400,41.4600,49594900
2014-03-28,40.5400,41.0350,40.3550,41.0100,49381300
2014-03-21,40.9800,41.2700,40.0450,40.5100,69576200
2014-03-14,39.8700,41.0200,39.6000,40.8900,60953300
2014-03-07,40.2900,40.4850,39.5150,39.9900,60584500
2014-02-28,40.6000,40.9350,40.0400,40.4500,39247200
2014-02-21,40.3800,40.9190,40.1000,40.5500,38939300
2014-02-14,38.7400,40.3100,38.6300,40.2800,38692000
2014-02-07,39.1800,39.6100,38.2600,38.8800,59878600
2014-01-31,38.0500,39.1800,37.9301,39.1000,49781500
2014-01-24,38.2000,38.6400,37.9800,37.9800,37643900
2014-01-17,38.1900,38.2300,37.7600,38.0600,38716800
2014-01-10,37.2800,38.4900,37.1600,38.2200,70154100
2014-01-03,37.7300,38.0350,37.1100,37.2700,46868200
2013-12-27,38.0400,38.0400,37.5000,37.8100,44958600
2013-12-20,37.6000,38.1800,37.2500,37.8300,66052100
2013-12-13,38.5000,38.5000,37.4200,37.5100,39511500
2013-12-06,38.0800,38.5150,37.6700,38.4400,41583100
2013-11-29,38.6900,38.7800,37.8900,38.0300,30099100
2013-11-22,39.4400,39.4700,38.4800,38.6600,52362900
2013-11-15,38.9500,39.3700,38.1800,39.3650,54919400
2013-11-08,39.1900,39.6100,38.2600,38.9500,59451600
2013-11-01,39.1800,39.4500,38.3250,39.0600,59320900
2013-10-25,38.4300,39.2950,38.1800,39.2000,55620100
2013-10-18,38.0000,38.5700,37.3100,38.4300,78271300
2013-10-11,37.0000,38.1900,36.9100,38.1150,50318500
2013-10-04,37.2700,37.6100,36.9400,37.1500,40827700
2013-09-27,37.5399,38.1300,37.2850,37.4100,57427200
2013-09-20,37.6400,38.9000,37.2400,37.5300,103302100
2013-09-13,37.0300,37.4200,36.8500,37.2100,68806800
2013-09-06,37.4500,37.6300,36.5500,36.9800,38993800
2013-08-30,37.6100,37.7200,37.0904,37.3000,37908100
2013-08-23,37.5600,37.8700,36.9800,37.6600,53865400
2013-08-16,38.9600,39.0600,37.3400,37.5400,51160800
2013-08-09,39.4000,39.5396,38.8001,39.1400,37833300
2013-08-02,39.2100,39.8100,39.0700,39.5400,48926900
2013-07-26,39.3200,39.5800,38.6999,39.3500,36521100
2013-07-19,38.6300,39.5100,38.5400,39.3900,46181400
2013-07-12,37.0100,38.6900,36.9400,38.6400,45400400
2013-07-05,37.6200,37.9500,36.5100,36.9000,41988800
2013-06-28,36.2400,37.9000,35.9800,37.6300,59035200
2013-06-21,38.1500,38.4500,35.8000,36.5400,92612300
2013-06-14,38.1000,38.2010,37.2100,38.0000,59363500
2013-06-07,37.6900,38.1799,37.2000,37.9700,96126800
2013-05-31,38.6000,38.8400,37.4550,37.6800,101218200
2013-05-24,40.3700,40.5400,38.6700,38.8300,79329600
2013-05-17,39.6965,40.5500,39.4800,40.3200,54553500
2013-05-10,40.8400,40.8700,39.4600,39.8300,59433400
2013-05-03,41.1300,41.4400,40.7400,40.8900,47842800
2013-04-26,40.7700,41.1600,40.4550,40.9800,45232400
2013-04-19,40.1700,40.7400,39.6100,40.7300,43053500
2013-04-12,39.6200,40.3300,39.4100,40.3300,31008300
2013-04-05,39.1000,39.6300,38.9100,39.5700,30672900
2013-03-28,38.4000,39.1400,37.9300,39.1000,25118600
2013-03-22,37.9200,38.3600,37.8250,38.1700,27575300
2013-03-15,37.9900,38.2300,37.7600,38.1300,33409700
2013-03-08,37.4400,38.1900,37.4000,37.9700,38313200
2013-03-01,37.2800,37.5800,36.7901,37.5000,40185500
2013-02-22,36.6800,37.2800,36.6800,37.1800,32769200
2013-02-15,36.7100,37.0900,36.5300,36.7200,30267100
2013-02-08,36.6200,36.9100,36.2950,36.6900,33093400
2013-02-01,36.2500,36.8100,36.0100,36.6800,38564800
2013-01-25,35.6200,36.2550,35.6000,36.2300,27219300
2013-01-18,35.3500,35.7100,35.2000,35.6800,28810900
2013-01-11,35.6300,35.7200,35.0900,35.4000,36788600
2013-01-04,34.3900,35.7700,34.2200,35.7400,43428900
2012-12-28,35.2500,35.3300,34.4300,34.4500,37899700
2012-12-21,35.3000,36.0700,35.0700,35.3100,43859900
2012-12-14,35.3800,35.7799,35.1600,35.2100,35605000
2012-12-07,35.3500,35.6601,34.8500,35.4550,50630000
2012-11-30,34.0100,35.3500,34.0100,35.3200,79005000
2012-11-23,34.4700,34.5900,33.8500,34.0900,46525600
2012-11-16,34.6100,34.7200,33.8450,34.3600,57587900
2012-11-09,36.1900,36.1900,34.6300,34.6700,47908300
2012-11-02,36.7900,37.0900,36.2300,36.2600,23802200
2012-10-26,37.0700,37.0810,36.3000,36.5800,30548000
2012-10-19,36.5000,37.4400,36.3100,37.1100,36337500
2012-10-12,36.6800,36.9200,36.4150,36.5000,24842700
2012-10-05,36.4300,36.9550,36.2100,36.7400,29376600
2012-09-28,35.9700,36.6600,35.9700,36.3900,36240800
2012-09-21,36.4800,36.6300,35.9100,36.0250,40460700
2012-09-14,36.6300,36.8300,36.2400,36.5400,28482500
2012-09-07,36.2900,36.8000,36.2400,36.6200,27153200
2012-08-31,36.6000,36.7600,36.2400,36.3500,20866600
2012-08-24,37.0500,37.2200,36.3500,36.6200,30259400
2012-08-17,37.4600,37.6200,37.0200,37.0900,30268400
2012-08-10,38.0200,38.0600,37.2000,37.5400,31139700
2012-08-03,37.9500,38.5400,37.0900,37.8600,41439300
2012-07-27,37.5500,38.1900,36.9030,38.0900,29483200
2012-07-20,37.3000,37.7800,37.1700,37.6700,30732800
2012-07-13,36.7500,37.3900,36.5600,37.3400,29175600
2012-07-06,37.1100,37.3000,36.6500,36.8300,28673700
2012-06-29,36.0000,37.1750,36.0000,36.9900,26382200
2012-06-22,36.7800,37.2700,36.2000,36.2600,31192500
2012-06-15,37.0000,37.2000,36.5000,36.9300,30613300
2012-06-08,35.7500,36.8800,35.6600,36.8200,33067900
2012-06-01,35.9100,36.0700,35.5600,35.7100,25237200
2012-05-25,35.4500,35.8800,35.3000,35.7800,29465900
2012-05-18,35.7500,36.0200,35.3800,35.4200,31154800
2012-05-11,35.4600,36.1400,35.2900,35.9300,22156500
2012-05-04,35.5900,35.9400,35.4600,35.5700,34545700
2012-04-27,34.8600,35.6600,34.7074,35.6100,27380200
2012-04-20,34.4300,35.0775,34.3600,35.0200,29270400
2012-04-13,34.6600,34.7900,34.1700,34.3300,28779900
2012-04-05,35.0300,35.3400,34.7750,34.8900,30499600
2012-03-30,34.7100,35.0800,34.3900,35.0450,30377200
2012-03-23,34.7500,34.8800,34.3700,34.6000,38183800
2012-03-16,35.2600,35.7400,34.6200,34.7800,36812500
2012-03-09,34.9700,35.2100,34.6500,35.1700,27665000
2012-03-02,35.0400,35.1200,34.6900,34.9600,28056200
2012-02-24,35.1300,35.1900,34.8100,35.0800,18651400
2012-02-17,34.9500,35.2700,34.5600,35.0500,31660900
2012-02-10,34.7800,35.0400,34.5000,34.8000,30841200
2012-02-03,34.6000,34.9800,34.3000,34.8300,42301600
2012-01-27,34.5600,35.2700,34.1400,34.7300,57775000
2012-01-20,35.0900,35.2500,34.4500,34.6100,26547300
2012-01-13,35.1300,35.3700,34.6200,34.8900,27223400
2012-01-06,36.1800,36.2500,34.9100,35.0200,44375500
2011-12-30,35.8300,36.2700,35.7800,35.9800,14450700
2011-12-23,34.7200,35.9600,34.2200,35.8000,30231100
2011-12-16,34.8100,35.2300,34.4500,34.5400,40034100
2011-12-09,35.2700,35.3100,34.4800,35.0000,36215600
2011-12-02,33.9900,35.3200,33.6910,34.7500,34261500
2011-11-25,34.4100,34.4100,33.1800,33.4300,31761500
2011-11-18,35.3000,35.3700,34.1267,34.6400,28554200
2011-11-11,35.0100,35.4000,34.5550,35.3600,30847200
2011-11-04,34.8299,35.2500,34.0500,34.9800,43552100
2011-10-28,34.9500,35.4656,34.2700,35.0100,51727100
2011-10-21,33.7700,34.9000,33.6000,34.8800,37599700
2011-10-14,33.6600,34.0700,33.2600,33.9800,42771300
2011-10-07,33.6000,33.8800,31.9400,33.4000,73484900
2011-09-30,33.5400,34.1600,33.3300,33.6200,55362100
2011-09-23,33.6100,34.7200,32.7300,33.4100,78914900
2011-09-16,32.6180,34.0700,32.5000,33.9800,35826500
2011-09-09,32.6300,33.8000,32.4000,32.8000,40055000
2011-09-02,33.3400,34.0800,33.2115,33.2900,51839100
2011-08-26,32.8800,33.7100,32.1100,33.0000,76655000
2011-08-19,31.9700,33.2900,31.9101,32.3900,90805200
2011-08-12,31.4400,32.2700,29.4500,31.7000,86564400
2011-08-05,33.4800,33.5100,31.3000,31.8900,68898900
2011-07-29,33.5900,34.0589,33.0810,33.1700,39366800
2011-07-22,33.2900,34.1100,32.8900,33.8200,30163000
2011-07-15,33.5300,33.7500,33.1800,33.3600,31448200
2011-07-08,33.8700,33.9900,33.5300,33.7600,23758500
2011-07-01,32.8300,33.9300,32.8300,33.8800,28867100
2011-06-24,32.9100,33.3600,32.4300,32.8000,29170300
2011-06-17,33.0800,33.4000,32.7500,32.9900,35844000
2011-06-10,33.1300,33.3900,32.9400,32.9700,37464900
2011-06-03,33.9100,33.9300,32.9800,33.1900,25839700
2011-05-27,33.8200,34.0900,33.3500,33.6200,25004300
2011-05-20,33.9900,34.3000,33.8600,34.1300,29776200
2011-05-13,33.2500,34.1700,33.1100,33.9100,29354000
2011-05-06,33.2200,33.6100,32.9600,33.2900,42050400
2011-04-29,32.2700,33.1800,32.1699,33.1600,29398200
2011-04-21,31.9100,32.2700,31.6300,32.2400,22710900
2011-04-15,31.9200,32.1980,31.3500,32.1000,36100500
2011-04-08,32.2000,32.2600,31.8411,31.9800,23047600
2011-04-01,31.4100,32.1500,31.2050,32.1200,27284100
2011-03-25,31.2100,31.5300,31.0800,31.3900,27565600
2011-03-18,32.1600,32.2000,30.7400,30.8800,69599200
2011-03-11,32.1400,32.8900,32.0500,32.5200,46477400
2011-03-04,31.8600,32.2600,31.7200,32.0050,43318400
2011-02-25,31.6900,31.8900,31.4900,31.7550,22460500
2011-02-18,31.9800,32.0200,31.6300,31.9100,23925000
2011-02-11,31.7900,32.1800,31.7700,32.0000,25252300
2011-02-04,31.8000,32.0500,31.6000,31.8000,24796800
2011-01-28,32.0200,32.2100,31.6400,31.6500,26899300
2011-01-21,31.7400,32.1800,31.6800,31.9500,24630900
2011-01-14,31.5000,31.7700,31.2300,31.7400,26032800
2011-01-07,31.4700,31.7100,31.2400,31.5825,23912600
2010-12-31,31.3600,31.5400,31.2400,31.3400,9822400
2010-12-23,31.2200,31.4600,31.0700,31.3600,14465700
2010-12-17,31.1800,31.4700,30.8200,31.1500,33840600
2010-12-10,31.2700,31.4200,30.8000,31.1200,33528000
2010-12-03,30.7700,31.3100,30.5100,31.2750,32915700
2010-11-26,31.0900,31.2700,30.7700,30.8600,15872800
2010-11-19,31.4500,31.6300,30.9000,31.1300,27063000
2010-11-12,32.0100,32.0300,31.2100,31.3400,33116600
2010-11-05,31.8400,32.1100,31.2600,32.0500,34300800
2010-10-29,32.0800,32.0800,31.2500,31.7200,24720600
2010-10-22,31.9700,32.4000,31.7500,31.8700,26981100
2010-10-15,31.9000,31.9950,31.5800,31.8950,21773300
2010-10-08,31.5900,31.8923,31.3300,31.8500,21355100
2010-10-01,31.5100,31.7100,31.2700,31.5500,36924200
2010-09-24,30.9800,31.5500,30.8500,31.4600,32935500
2010-09-17,31.7300,31.7300,30.7600,30.8500,31293000
2010-09-10,31.5600,31.7400,31.2900,31.4400,21441600
2010-09-03,31.1100,31.6400,30.4000,31.6200,36933800
2010-08-27,30.5500,31.1500,30.3500,31.1400,46717600
2010-08-20,30.5900,31.1800,30.1500,30.4700,54138700
2010-08-13,31.0500,31.4500,30.3100,30.7000,35789200
2010-08-06,30.7800,31.1200,30.5500,30.9900,26987000
2010-07-30,30.4500,31.2000,30.1714,30.3700,52202700
2010-07-23,29.8000,30.5800,29.6900,30.4800,32974100
2010-07-16,29.7600,30.2900,29.6300,29.6900,35291800
2010-07-09,28.4000,29.8400,28.2300,29.8000,29880700
2010-07-02,28.9300,29.1750,27.9150,28.1600,37712500
2010-06-25,30.2400,30.3400,28.5000,28.8400,40606300
2010-06-18,29.3800,30.3900,29.3300,30.0800,28674800
2010-06-11,28.3400,29.2500,28.1200,29.2200,37023400
2010-06-04,28.6000,29.0100,28.0301,28.1175,32817100
2010-05-28,28.6100,29.0200,27.4400,28.7600,40657600
2010-05-21,30.0000,30.2100,28.0000,28.6200,45915700
2010-05-14,29.7800,30.5900,29.6300,29.9300,36553100
2010-05-07,30.5600,30.9100,25.7600,29.1000,60027400
2010-04-30,30.6000,30.7400,29.9500,30.4400,27212900
2010-04-23,29.7800,30.6300,29.6810,30.6100,20493200
2010-04-16,30.2700,30.4000,29.7600,29.8300,27095800
2010-04-09,30.1400,30.5000,29.8200,30.2400,24790800
2010-04-01,29.5600,30.1200,29.5000,30.0700,25499700
2010-03-26,29.8400,29.8850,29.3000,29.4500,36289600
2010-03-19,29.8300,30.5000,29.7500,29.9600,25295300
2010-03-12,30.0750,30.1300,29.7700,29.8400,20653900
2010-03-05,29.2400,30.0100,29.2300,29.9600,23877100
2010-02-26,29.9900,30.0600,28.9000,29.1400,31889900
2010-02-19,28.8500,29.8800,28.8500,29.7600,23585500
2010-02-12,28.9500,29.2100,28.4500,28.8100,38583300
2010-02-05,29.5600,29.9800,28.4600,28.9200,34448000
2010-01-29,30.1000,30.2600,29.4800,29.5300,52950800
2010-01-22,30.9200,31.3000,29.8200,29.8200,41024500
2010-01-15,30.8000,31.2900,30.5800,30.9100,42588800
2010-01-08,31.2800,31.3600,30.5200,30.7200,51817100
2009-12-31,31.5000,31.6400,31.0000,31.0200,22085500
2009-12-24,31.4500,31.6100,31.1000,31.4800,23246300
2009-12-18,32.0200,32.0800,31.0300,31.3500,53136800
2009-12-11,30.8300,31.8200,30.3800,31.8200,60806000
2009-12-04,29.6500,31.2200,29.5100,30.6400,59663500
2009-11-27,29.5100,30.0900,29.3720,29.5100,27060000
2009-11-20,29.5800,29.8400,29.0300,29.2500,31662100
2009-11-13,29.0700,29.7800,29.0300,29.3600,30033800
2009-11-06,28.5100,29.0800,28.1000,28.9200,38313700
2009-10-30,29.4800,29.8400,28.3500,28.3900,59502200
2009-10-23,29.7000,30.2300,29.3350,29.4300,34820300
2009-10-16,29.2400,29.8100,29.2000,29.6900,30410800
2009-10-09,28.5300,29.3300,28.3500,29.2500,27827100
2009-10-02,29.2800,29.6700,28.4200,28.5200,31537900
2009-09-25,29.5200,29.8400,29.1900,29.2000,28523300
2009-09-18,28.8600,30.1100,28.8000,29.6800,26754600
2009-09-11,29.1400,29.1600,28.7600,28.9400,20120700
2009-09-04,29.4100,29.4500,28.6200,28.9200,28458200
2009-08-28,29.7900,29.8800,29.3100,29.4800,18058400
2009-08-21,28.7000,29.7300,28.5000,29.7200,23717700
2009-08-14,28.9100,29.3400,28.5900,29.0400,19904500
2009-08-07,29.0700,29.2400,28.4100,28.9200,29461100
2009-07-31,29.5100,29.5600,28.5300,28.9400,24992900
2009-07-24,28.0200,29.5600,27.8399,29.5600,30124400
2009-07-17,26.9100,28.2900,26.7500,28.0200,27887300
2009-07-10,27.2900,27.7100,26.7000,26.9100,36950300
2009-07-02,27.9000,28.3700,27.4100,27.4400,28341500
2009-06-26,27.3400,27.9900,27.0400,27.7400,36336400
2009-06-19,27.9900,28.1600,27.3300,27.4700,44904300
2009-06-12,27.1700,28.3600,26.6500,28.1800,49633100
2009-06-05,26.9700,27.7300,26.5800,27.1200,31448100
2009-05-29,25.6600,26.8600,25.5800,26.7700,24715600
2009-05-22,26.1200,26.5500,25.5200,25.8300,29990500
2009-05-15,27.0200,27.5000,25.6600,25.9400,30720100
2009-05-08,26.6000,27.8200,26.4200,27.2500,31329800
2009-05-01,25.0200,26.5300,25.0100,26.5300,28916500
2009-04-24,25.5200,25.7900,25.1300,25.3600,24644500
2009-04-17,26.0100,26.0600,25.2700,25.7800,43056100
2009-04-09,25.9300,26.9500,25.4100,26.0700,20698600
2009-04-03,25.3600,26.3300,24.9700,26.1500,36663400
2009-03-27,25.8400,26.3900,25.3500,25.8000,35229400
2009-03-20,23.8800,25.9350,23.7800,25.3500,40799900
2009-03-13,22.9400,23.7900,22.4800,23.6200,41769800
2009-03-06,25.0300,25.3600,22.6400,23.1800,44596600
2009-02-27,26.3800,26.5500,24.9200,25.3500,35932800
2009-02-20,27.9900,27.9900,25.7600,26.2400,37099400
2009-02-13,29.9700,30.0500,27.7900,28.3700,44527700
2009-02-06,28.6500,30.2190,28.4200,29.8900,38192000
2009-01-30,28.8800,30.1800,28.7440,28.9800,34508000
2009-01-23,28.9100,29.1200,28.0500,28.7700,26477500
2009-01-16,29.1500,29.3600,27.5500,28.9000,32992000
2009-01-09,29.7400,30.4700,28.9600,29.0800,34144000
2009-01-02,28.0200,29.9300,27.7780,29.7100,15513200
2008-12-26,28.5300,28.6500,27.7500,28.0800,11895300
2008-12-19,29.0500,29.5500,28.0800,28.5800,41072700
2008-12-12,29.5700,29.5700,28.0000,28.9000,36197100
2008-12-05,29.7600,29.9500,26.9900,28.4700,53439900
2008-11-28,28.8600,30.1400,28.4400,30.1200,34377400
2008-11-21,28.7400,29.5500,25.9800,28.8300,68474100
2008-11-14,29.4900,30.1200,27.2000,28.8000,51083300
2008-11-07,29.4600,30.3100,27.3100,29.0600,40956100
2008-10-31,27.1800,30.4200,26.3700,29.2700,46515700
2008-10-24,27.6200,29.9600,26.2200,27.4700,56749500
2008-10-17,27.2700,30.8600,25.3600,27.4100,47777700
2008-10-10,31.2800,32.3000,23.2800,25.9000,53773400
2008-10-03,34.1400,34.1400,31.9800,32.1300,31449600
2008-09-26,35.0100,35.0100,33.2100,34.4200,19892900
2008-09-19,35.3700,36.7500,33.0000,34.7800,69706400
2008-09-12,35.5700,36.6000,34.9000,36.4800,34252300
2008-09-05,38.5800,38.5800,35.2398,35.5100,20018900
2008-08-29,37.8300,38.4000,37.2800,37.7200,12638900
2008-08-22,37.1200,38.0300,36.9400,37.8500,15353000
2008-08-15,37.3800,37.8900,36.6500,36.9700,21325300
2008-08-08,37.1000,37.5000,36.2400,37.3200,32498700
2008-08-01,37.6100,38.5500,36.9000,36.9900,29895700
2008-07-25,38.5900,39.6000,37.4900,37.6100,35576300
2008-07-18,40.5100,40.9600,38.0500,38.5300,39622900
2008-07-11,40.3900,41.0300,39.7500,40.4600,35925100
2008-07-03,40.0500,41.4400,39.8000,40.3800,29024800
2008-06-27,41.0000,41.5000,39.7100,39.7300,26161700
2008-06-20,41.1600,41.7800,40.6700,40.6700,22607000
2008-06-13,40.7300,41.5500,40.5500,41.2900,26051400
2008-06-06,41.2700,41.6900,40.5400,40.5400,21839300
2008-05-30,40.7300,41.7400,40.4500,41.3100,11562900
2008-05-23,40.7900,41.9800,40.7400,40.9100,16035700
2008-05-16,40.0400,40.9200,40.0100,40.7800,16041000
2008-05-09,40.5700,40.8200,39.5600,40.0400,16517900
2008-05-02,40.2700,41.1700,39.6500,41.0200,27289100
2008-04-25,40.4600,40.6880,39.9400,40.3400,19288500
2008-04-18,39.2700,41.0000,39.0800,40.6800,18292100
2008-04-11,39.2700,39.7900,39.0500,39.2700,23931300
2008-04-04,37.7500,40.0000,37.5600,39.1700,28496200
2008-03-28,37.7000,38.4500,37.3100,37.6300,28348900
2008-03-20,37.0100,39.4900,36.1000,37.4500,23380500
2008-03-14,37.6400,39.0600,37.3000,37.9000,35492500
2008-03-07,37.7900,38.9100,37.3500,37.7000,39391100
2008-02-29,39.6100,40.0000,37.5000,37.6100,34172500
2008-02-22,40.2600,40.2600,38.6400,39.4200,19369000
2008-02-15,39.0000,40.3500,38.8400,39.8500,22098200
2008-02-08,40.2800,41.2100,38.8500,39.0000,27344500
2008-02-01,38.2000,40.3000,38.1700,40.2400,27174600
2008-01-25,37.8100,40.2100,36.0500,38.1800,54757600
2008-01-18,43.8200,43.8700,39.6600,40.0300,48521400
2008-01-11,42.6000,44.1100,42.4000,43.4300,41694400
2008-01-04,42.9900,42.9900,41.8600,42.3500,19073900
2007-12-28,43.1800,43.3100,42.5700,42.9200,8675800
2007-12-21,43.0200,43.6300,42.6100,43.0000,20871800
2007-12-14,44.4000,44.6600,43.0100,43.1800,26933300
2007-12-07,43.4400,44.4700,42.7300,44.1800,28241400
2007-11-30,42.0500,42.8800,41.6700,42.7300,28284300
2007-11-23,41.6800,42.5701,41.5300,41.9200,18193000
2007-11-16,42.2600,42.3000,40.8700,41.6800,28361700
2007-11-09,41.8100,42.9000,41.1900,41.9300,39806700
2007-11-02,41.7500,42.6600,41.5200,41.9200,24902400
2007-10-26,39.5500,41.6600,39.3300,41.5400,23420300
2007-10-19,41.4400,41.5100,39.6200,39.7400,24347400
2007-10-12,41.0600,41.6700,40.7500,41.2900,19320400
2007-10-05,40.0900,41.1600,39.9100,40.9000,22231800
2007-09-28,40.4200,40.9600,39.8000,39.8000,22037100
2007-09-21,39.8800,41.1500,39.2500,40.3200,22734800
2007-09-14,39.1300,39.9800,38.7200,39.9100,21640100
2007-09-07,38.7700,39.6700,38.7000,39.0100,21579200
2007-08-31,39.7200,39.7200,37.9800,38.6000,54648200
2007-08-24,38.8900,39.7900,38.2100,39.6100,39126800
2007-08-17,39.3300,39.7000,36.6900,38.6300,59728500
2007-08-10,37.9800,40.7600,37.4475,39.0100,55891800
2007-08-03,37.7000,39.5200,37.3700,37.9500,66012600
2007-07-27,40.8700,41.1100,37.5500,37.5500,58863800
2007-07-20,40.7200,41.7500,39.9900,40.7000,42693300
2007-07-13,39.9100,40.9200,39.3700,40.7500,30608200
2007-07-06,39.8800,43.1500,39.4700,39.8600,26245100
2007-06-29,38.7000,40.3000,38.4000,39.5800,55064700
2007-06-22,40.5100,40.5500,38.6800,38.7100,42433900
2007-06-15,39.2100,40.6500,39.1500,40.4400,50095500
2007-06-08,41.4600,41.5800,38.8500,39.2800,89030200
2007-06-01,40.8700,42.0100,40.8700,41.6100,35233900
2007-05-25,42.8200,43.1000,40.5900,41.1000,43091200
2007-05-18,42.4000,43.0200,42.3400,42.8300,16530400
2007-05-11,42.2000,42.5900,41.9400,42.2000,14568600
2007-05-04,42.0300,42.3600,41.4500,42.0900,15253800
2007-04-27,41.5200,42.5400,41.5200,41.8100,16686400
2007-04-20,40.7300,41.6200,40.6800,41.5700,12816400
2007-04-13,40.9500,41.1800,40.4905,40.7200,15583700
2007-04-05,39.8100,40.9000,39.8000,40.7000,14753200
2007-03-30,39.9400,40.2900,39.3600,39.7000,19025400
2007-03-23,38.6500,39.8600,38.3800,39.8500,18598800
2007-03-16,38.2000,38.8300,37.7500,38.4000,29593700
2007-03-09,37.9100,38.7800,37.4700,38.2000,17126100
2007-03-02,39.5500,40.3000,37.8700,38.1500,34778600
2007-02-23,38.1900,38.7000,38.0400,38.6700,10223700
2007-02-16,38.1100,38.5800,37.9000,38.2400,16994400
2007-02-09,37.1700,38.2900,37.0000,38.0400,12894900
2007-02-02,36.2500,37.1000,36.2100,37.1000,15874500
2007-01-26,36.0500,36.5000,35.8700,36.2500,15595500
2007-01-19,36.0000,36.1900,35.7000,36.0500,10411500
2007-01-12,35.9700,36.3600,35.7200,35.8700,20854600
2007-01-05,36.4100,37.1000,35.9900,36.1100,10972200
2006-12-29,36.5600,37.1000,36.5000,36.7200,5565400
2006-12-22,36.7500,37.0000,36.4800,36.5700,12088400
2006-12-15,36.8100,37.4400,36.7700,36.9400,12235000
2006-12-08,36.8800,37.3900,36.6200,36.7700,13013200
2006-12-01,36.1500,36.8600,35.6416,36.7200,12601400
2006-11-24,36.0500,36.2000,35.8700,36.2000,3976400
2006-11-17,35.9800,36.2800,35.8000,36.0400,14822600
2006-11-10,35.6000,35.9300,35.2100,35.9100,27025900
2006-11-03,35.7400,36.1300,35.4300,35.5800,21303800
2006-10-27,35.6000,36.1600,35.3200,35.7700,23460000
2006-10-20,34.4500,35.6600,34.4500,35.6100,15531800
2006-10-13,34.1800,34.6000,34.0200,34.5500,18790600
2006-10-06,34.1900,34.9300,33.9300,34.2200,22356300
2006-09-29,33.5500,34.9200,32.3600,33.9900,17378000
2006-09-22,33.6200,33.8100,33.4400,33.5500,29071200
2006-09-15,34.2300,34.5500,33.6700,33.7200,29471000
2006-09-08,34.8000,34.8700,34.1000,34.3500,16792900
2006-09-01,34.3900,34.9200,34.2700,34.8000,16049000
2006-08-25,34.2700,34.7000,34.1400,34.3100,11044600
2006-08-18,34.0700,34.4800,33.6800,34.3400,18062700
2006-08-11,34.0900,34.2500,33.6600,33.8700,12448500
2006-08-04,34.0100,34.4200,33.7200,34.0700,22793600
2006-07-28,33.7100,34.2800,33.5500,33.9900,17989900
2006-07-21,32.7400,33.6576,32.5700,33.4600,17360900
2006-07-14,32.5300,33.0000,32.3500,32.6600,25743800
2006-07-07,32.4000,32.6500,32.1500,32.5100,6036400
2006-06-30,31.6000,32.4200,31.5700,32.2900,14261800
2006-06-23,32.0800,32.3500,31.3300,31.6600,12551800
2006-06-16,32.6300,32.7700,31.6800,32.1100,24052100
2006-06-09,32.5500,32.6000,31.8500,32.5600,25937700
2006-06-02,31.6000,32.5600,31.3100,32.5400,11876100
2006-05-26,31.0100,31.6600,30.5500,31.6300,16992700
2006-05-19,31.1100,31.5800,30.6900,31.0900,19621600
2006-05-12,32.1900,32.1900,31.2300,31.2600,10341500
2006-05-05,31.3400,32.1800,30.8700,32.1800,15647700
2006-04-28,31.2000,31.5600,30.5000,31.3200,14458600
2006-04-21,30.1500,31.5000,29.9700,31.2500,14219200
2006-04-13,30.4200,30.8901,30.1600,30.2400,9190700
2006-04-07,30.9800,31.6200,30.5100,30.6700,17105600
2006-03-31,31.3700,31.5000,30.7800,30.8300,16972400
2006-03-24,32.2500,32.2500,31.2700,31.4900,10404000
2006-03-17,31.8000,32.6100,31.6400,32.1500,10093200
2006-03-10,32.3500,32.4000,31.1200,31.7100,18437400
2006-03-03,32.6200,32.9700,32.0100,32.3000,13395700
2006-02-24,32.3600,33.3800,32.2100,32.5300,8287300
2006-02-17,31.6600,32.7000,31.3000,32.3000,12667800
2006-02-10,31.5400,32.6000,31.5200,31.7800,13120500
2006-02-03,32.2700,32.4300,31.4300,31.6600,14878600
2006-01-27,33.6500,33.6500,32.0600,32.3900,17961700
2006-01-20,32.2000,33.1200,32.0100,32.7100,27735500
2006-01-13,32.1100,32.2200,31.0000,32.2000,10514900
2006-01-06,31.5900,32.2000,31.2800,32.1800,11090700
2005-12-30,31.6200,31.8500,31.2800,31.3900,12048100
2005-12-23,32.2700,32.3700,31.4600,31.8400,8703700
2005-12-16,31.9700,32.7500,31.6700,32.3100,9393000
2005-12-09,31.5100,32.0400,30.5500,32.0000,9254500
2005-12-02,31.6200,32.3500,30.4600,31.5700,9167300
2005-11-25,31.2500,31.7500,31.0800,31.7500,7958100
2005-11-18,30.5000,31.4700,30.3000,31.1700,14848300
2005-11-11,31.6000,31.6000,30.5000,30.6400,13884800
2005-11-04,31.4400,31.5900,30.5100,30.8900,17734800
2005-10-28,30.1400,31.4300,30.1400,31.0500,16881900
2005-10-21,30.6600,31.4000,29.0100,30.3500,18464000
2005-10-14,32.5400,32.6900,30.2700,30.8600,21552700
2005-10-07,33.8000,34.0500,31.4500,32.2700,19107800
2005-09-30,32.8800,33.7800,32.6800,33.6000,6724500
2005-09-23,33.6100,33.7700,32.3848,32.6800,9353100
2005-09-16,33.5900,33.7500,33.1000,33.5900,6995000
2005-09-09,33.2000,33.5200,32.9700,33.4300,8539400
2005-09-02,32.0500,33.1500,31.8700,33.0000,9180100
2005-08-26,31.6700,32.4200,31.6000,32.1500,8053400
2005-08-19,31.7900,31.8900,31.0400,31.6400,8070500
2005-08-12,31.8800,32.0800,31.1700,31.7400,14848900
2005-08-05,32.4500,33.0000,31.7100,31.9100,14952800
2005-07-29,32.0200,32.4600,31.8100,32.2700,14201000
2005-07-22,32.0200,32.2500,31.5000,31.8000,8056200
2005-07-15,32.1000,32.6000,31.8500,32.0200,7891300
2005-07-08,31.8200,32.0300,31.0000,31.9900,5963300
2005-07-01,31.1900,31.8900,31.0200,31.8500,7315300
2005-06-24,30.9400,31.9200,30.6500,31.1200,6267100
2005-06-17,30.8000,31.0600,30.5600,30.8700,4262200
2005-06-10,30.5000,30.8600,30.3000,30.7200,7293300
2005-06-03,30.1200,30.5600,29.9500,30.4800,6226000
2005-05-27,29.7200,30.0700,29.6500,30.0400,3785600
2005-05-20,29.1800,29.9600,29.0200,29.8700,6387800
2005-05-13,29.8200,30.1000,28.7000,29.1700,7494500
2005-05-06,30.2200,30.3000,29.6100,29.8200,7434400
2005-04-29,29.9000,30.0600,29.3200,30.0500,5644400
2005-04-22,28.9900,29.7500,28.8000,29.7200,8230800
2005-04-15,29.6300,30.1000,28.9600,29.0100,4868600
2005-04-08,29.4900,29.8000,29.0600,29.4500,5728400
2005-04-01,28.9000,29.5000,28.3700,29.2500,5772100
2005-03-24,29.3000,29.3000,28.1300,28.7200,13590700
2005-03-18,29.2700,29.9200,28.9700,29.1600,9048700
2005-03-11,29.7500,29.9800,29.0300,29.2500,10999400
2005-03-04,29.3200,29.7500,28.9400,29.7100,10042700
2005-02-25,29.0500,29.3400,28.2500,29.2500,11537500
2005-02-18,29.2800,29.5800,28.9200,29.0100,5213900
2005-02-11,29.3000,29.3500,28.9300,29.0900,10280400
2005-02-04,28.2400,29.1800,28.1700,29.1000,7040800
2005-01-28,27.5800,28.1300,27.4700,28.1200,4935700
2005-01-21,27.5000,27.9000,27.3500,27.4700,5800200
2005-01-14,26.9700,27.6200,26.9400,27.5500,4299000
2005-01-07,27.8000,28.0500,26.9000,27.0500,5885900
2004-12-31,28.2000,28.2000,27.7600,27.8500,3406900
2004-12-23,27.5100,28.1500,27.5100,28.0100,4299800
2004-12-17,27.2000,27.8800,27.0600,27.5200,6812700
2004-12-10,27.1300,27.3800,26.8200,27.0700,4281000
2004-12-03,28.2500,28.2500,26.7500,27.0600,9997900
2004-11-26,27.4000,28.1900,27.3700,28.1100,2984100
2004-11-19,27.8500,27.8700,27.1900,27.3000,6592500
2004-11-12,26.9000,27.8300,26.9000,27.8200,10994800
2004-11-05,26.4200,27.3000,25.9500,26.9400,7352600
2004-10-29,25.6000,26.5500,25.6000,26.2700,5000200
2004-10-22,25.6500,25.7200,25.2000,25.6600,3580400
2004-10-15,25.6400,25.7100,25.2300,25.5800,3408700
2004-10-08,25.4900,25.7100,25.3000,25.5300,3736100
2004-10-01,24.8500,25.3300,24.7700,25.2500,4159300
2004-09-24,25.1000,25.2500,24.7800,24.8600,2733100
2004-09-17,25.3400,25.3400,24.9200,25.1600,3618900
2004-09-10,25.1600,25.3600,25.0100,25.2600,3462300
2004-09-03,24.8000,25.4900,24.7200,25.1600,3142500
2004-08-27,24.8100,24.9100,24.6100,24.8000,2206300
2004-08-20,24.0100,24.8900,24.0100,24.7100,3592600
2004-08-13,24.5500,24.7000,24.2000,24.4700,3249900
2004-08-06,24.2100,24.5500,23.9600,24.3500,6418300
2004-07-30,23.5300,24.1200,23.3800,24.1200,4358700
2004-07-23,24.1200,24.3000,23.5300,23.5600,2277400
2004-07-16,23.5300,24.1000,23.5100,24.0800,2253300
2004-07-09,23.7000,23.8000,23.4600,23.5900,2821600
2004-07-02,23.7500,24.0500,23.3100,23.7200,2803800
2004-06-25,23.6700,23.9200,23.5000,23.7300,4040000
2004-06-18,23.1800,23.6800,23.1800,23.5400,4614500
2004-06-10,23.4600,23.6000,23.1800,23.3900,2829900
2004-06-04,23.5900,23.6600,23.2500,23.4000,1756200
2004-05-28,22.7500,23.6300,22.6800,23.5600,3468400
2004-05-21,22.3800,22.7300,22.2600,22.5400,3170900
2004-05-14,22.5900,22.7200,22.0700,22.5500,8615200
2004-05-07,23.4900,23.6400,22.6200,22.7400,6228900
2004-04-30,23.5000,23.8000,23.0200,23.2800,3635100
2004-04-23,23.4000,23.6000,22.7200,23.5500,2911000
2004-04-16,24.1000,24.1800,22.9500,23.5100,8039300
2004-04-08,24.4600,24.4600,24.0400,24.0800,2664500
2004-04-02,24.0600,24.4600,23.8700,24.2700,9462100
2004-03-26,24.2500,24.2500,23.7200,23.9800,2494400
2004-03-19,23.8800,24.6000,23.8200,24.1000,3968000
2004-03-12,24.7200,24.7500,23.7800,24.0100,3291400
2004-03-05,24.4600,24.6200,24.1100,24.6200,1925100
2004-02-27,23.5500,24.2800,23.5200,24.2600,1801200
2004-02-20,23.9000,24.1400,23.5600,23.6400,1684000
2004-02-13,23.7200,24.0100,23.4900,23.7700,2658500
2004-02-06,23.9900,23.9900,23.3100,23.5500,2283500
2004-01-30,23.8400,23.9900,23.5000,23.8100,2266700
2004-01-23,23.2800,24.1200,23.2600,23.7900,2536200
2004-01-16,23.3400,23.5000,23.1300,23.3300,2654000
2004-01-09,23.4100,23.4500,23.1000,23.2900,1924900
2004-01-02,23.0000,23.4900,23.0000,23.2700,1165200
2003-12-26,22.9400,23.2400,22.7100,23.1400,954200
2003-12-19,22.6900,22.9500,22.3700,22.7400,6890400
2003-12-12,22.3900,22.8000,22.2000,22.4500,2776400
2003-12-05,22.1900,22.4900,22.0000,22.3300,1855900
2003-11-28,21.5800,22.1000,21.5500,22.1000,2178700
2003-11-21,21.7600,22.4000,21.2500,21.4400,3281500
2003-11-14,21.9400,21.9900,21.7000,21.8300,3402500
2003-11-07,22.1700,22.2900,21.7600,21.8100,1716700
2003-10-31,22.0000,22.2500,21.7600,22.0500,2335200
2003-10-24,22.0100,22.1700,21.8100,21.9000,1713000
2003-10-17,21.9700,22.2500,21.8600,21.8600,2264800
2003-10-10,22.2500,22.2700,21.9300,21.9800,1705200
2003-10-03,21.6600,22.3400,21.6100,22.1900,1737900
2003-09-26,21.8800,21.8800,21.3700,21.7100,1993200
2003-09-19,21.7400,21.9700,21.4800,21.7500,1706800
2003-09-12,21.6000,21.8300,21.4200,21.6600,4876800
2003-09-05,20.9700,21.6600,20.9700,21.4800,3845300
2003-08-29,20.6300,21.0500,20.6300,21.0500,1952700
2003-08-22,20.9200,21.1000,20.5700,20.7200,2364600
2003-08-15,20.7300,20.9900,20.5100,20.7600,1570900
2003-08-08,20.6400,20.6900,20.1200,20.6400,2168100
2003-08-01,21.1500,21.1500,20.4800,20.5500,3535400
2003-07-25,20.9900,21.1000,20.5100,21.0000,1646900
2003-07-18,21.5800,21.6700,20.5000,20.9200,2639600
2003-07-11,22.0000,22.1800,21.1200,21.4500,2200500
2003-07-03,22.3000,22.3000,21.7000,22.0000,1484600
2003-06-27,22.5000,22.5200,21.9600,22.0200,2152600
2003-06-20,22.4000,22.9500,22.4000,22.5200,3777800
2003-06-13,22.1000,22.6900,22.0100,22.3200,3072900
2003-06-06,22.3000,22.7000,22.1000,22.1000,4571900
2003-05-30,21.7500,22.4200,21.0200,22.0100,5587700
2003-05-23,20.8000,22.0900,20.5000,21.9000,7049700
2003-05-16,20.1900,21.0400,19.9700,21.0200,3066300
2003-05-09,19.9700,20.1500,19.7500,20.0000,2766600
2003-05-02,19.8000,20.2400,19.6100,19.8800,3277200
2003-04-25,19.3500,20.0000,19.1200,19.7200,2092800
2003-04-17,18.8100,19.9500,18.6500,19.1400,1289700
2003-04-11,19.1000,19.1500,18.4600,18.6400,1452800
2003-04-04,18.5000,18.8400,18.2700,18.7000,2115800
2003-03-28,18.5500,18.7400,18.2100,18.4900,1895200
2003-03-21,18.0000,18.7400,17.8900,18.7400,2435400
2003-03-14,17.9400,18.0400,17.3900,17.9100,2981800
2003-03-07,17.9000,18.0900,17.6300,17.9500,1622800
2003-02-28,18.1000,18.1000,17.6100,17.7000,3898700
2003-02-21,17.7000,18.1700,17.6200,18.0000,2101900
2003-02-14,17.9900,18.1900,16.7100,17.5800,2469800
2003-02-07,18.8000,18.8400,17.8100,17.9000,1598300
2003-01-31,18.9800,19.0400,18.2200,18.7000,2679800
2003-01-24,19.7500,19.9000,18.8600,18.9800,2185600
2003-01-17,20.5500,20.5500,19.6000,19.7100,3446600
2003-01-10,19.7500,20.7000,19.7500,20.2800,5984900
2003-01-03,19.1000,20.0000,18.9600,19.8000,1910500
2002-12-27,19.2500,19.4700,18.9200,19.1400,1010200
2002-12-20,19.1500,19.4900,19.0600,19.2500,3377500
2002-12-13,18.3000,19.2000,18.2500,19.0000,3587300
2002-12-06,18.8500,18.9400,17.9200,18.1900,3076200
2002-11-29,19.1000,19.3800,18.4500,18.7700,1843300
2002-11-22,18.1500,19.1000,17.9700,19.0200,2607600
2002-11-15,17.9000,18.2400,17.3000,18.1500,4004300
2002-11-08,18.5700,19.3900,17.9000,17.9200,1978500
2002-11-01,17.9500,18.4400,17.5600,18.3300,2398700
2002-10-25,16.3400,17.8500,16.3400,17.6500,5319000
2002-10-18,15.8500,16.7500,15.7200,16.3400,4056300
2002-10-11,17.4000,17.8400,14.9000,16.4800,7390400
2002-10-04,18.1000,19.1100,17.4000,17.4600,1312000
2002-09-27,18.6500,18.9300,17.4400,18.4200,2700000
2002-09-20,20.2300,20.2300,18.2600,18.5900,1406200
2002-09-13,20.5200,20.7700,19.5700,20.0000,538000
2002-09-06,21.5500,21.5500,20.4800,20.7200,345600
2002-08-30,22.3500,22.7400,21.4000,21.5000,456900
2002-08-23,21.1900,22.6000,21.0700,22.1500,448700
2002-08-16,21.0000,21.6900,20.7400,21.1200,602500
2002-08-09,19.8000,21.1600,19.6300,21.0200,731600
2002-08-02,19.0500,21.5300,18.6200,19.9800,870400
2002-07-26,19.1000,19.3600,16.4000,18.7500,1171900
2002-07-19,20.9900,21.5100,18.6800,18.8300,582300
2002-07-12,23.3000,23.4600,20.8400,21.1200,330900
2002-07-05,24.3700,24.3700,22.9800,23.3800,152300
2002-06-28,24.4800,24.4800,23.3300,24.2500,286900
2002-06-21,25.2400,25.8300,24.2500,24.6000,235700
2002-06-14,25.1900,25.5500,24.6100,25.0100,129500
2002-06-07,26.1900,26.3100,24.8500,25.1800,1019400
2002-05-31,26.9000,27.1600,26.1600,26.2500,746900
2002-05-24,25.9900,27.2500,25.8600,26.9600,307600
2002-05-17,25.5000,26.4200,25.3500,25.9600,363000
2002-05-10,26.5000,26.5500,25.5300,25.5500,550900
2002-05-03,26.4000,26.7800,25.9200,26.4000,365800
2002-04-26,26.8200,27.2400,25.4000,26.3100,247800
2002-04-19,26.8600,27.6100,26.6200,27.1300,347400
2002-04-12,27.9000,27.9000,26.6500,27.0700,725800
2002-04-05,27.9300,28.2500,27.6500,27.9400,123100
2002-03-28,27.9700,28.3700,27.7500,28.1800,359400
2002-03-22,27.6100,28.3600,27.6100,27.9700,287000
2002-03-15,28.1000,28.2900,27.8000,27.9100,218700
2002-03-08,27.7500,28.5400,27.5400,28.2000,570900
2002-03-01,26.6100,27.5500,26.4000,27.5500,814100
2002-02-22,26.6000,26.7600,25.8400,26.4700,158500
2002-02-15,26.4900,26.9900,26.2000,26.7700,365400
2002-02-08,27.2500,27.2500,25.7800,26.4200,310200
2002-02-01,27.2000,27.4400,26.2800,27.0800,187800
2002-01-25,27.5000,27.6400,27.0500,27.2200,488300
2002-01-18,27.7000,28.3700,27.4500,27.6500,246800
2002-01-11,28.6000,28.7000,27.6500,27.8300,754400
2002-01-04,28.2000,28.7000,27.6900,28.4500,227800
2001-12-28,27.7000,28.2100,27.5500,28.0200,105000
2001-12-21,27.2000,28.1100,27.1900,27.5600,252900
2001-12-14,27.6500,27.6500,26.6400,27.1500,634300
2001-12-07,27.5600,27.9500,27.2000,27.7000,278800
2001-11-30,28.3000,28.3500,27.2600,27.3700,828000
2001-11-23,28.7500,28.8000,27.9400,28.2200,83400
2001-11-16,28.3000,28.6500,28.0000,28.4700,2116500
2001-11-09,28.4500,28.7200,28.0000,28.6400,218500
2001-11-02,28.3500,28.3500,27.6000,28.0600,226500
2001-10-26,29.2500,29.2500,27.8800,28.2600,275400
2001-10-19,29.4000,29.9300,28.9700,29.5300,212400
2001-10-12,30.3100,30.3100,29.2300,29.4800,1200700
2001-10-05,29.2100,30.2500,29.0400,29.9100,97800
2001-09-28,29.4000,29.7000,28.3900,29.2600,182200
2001-09-21,29.6500,30.3700,29.0000,29.1300,1338300
2001-09-10,29.5000,30.1200,29.5000,30.1200,11700
2001-09-07,29.9000,30.4300,29.4300,29.6300,575100
2001-08-31,30.4500,30.4500,29.6400,29.7700,349200
2001-08-24,30.1000,30.6100,30.0000,30.3400,137300
2001-08-17,30.5300,30.6500,29.9500,30.0000,125100
2001-08-10,30.7100,30.8800,29.9500,30.7600,143800
2001-08-03,30.8500,31.4700,30.6000,31.0900,94100
2001-07-27,29.9500,31.1900,29.3300,30.7700,224800
2001-07-20,31.8500,32.2000,31.0600,31.1000,208500
2001-07-13,31.5700,32.2200,31.4700,31.6300,82000
2001-07-06,31.0000,31.8400,31.0000,31.5500,179900
2001-06-29,30.5300,31.2500,30.0300,31.1500,63800
2001-06-22,31.0100,31.3400,30.2300,30.5900,193000
2001-06-15,31.5100,32.5000,30.5000,30.8200,204400
2001-06-08,32.8500,32.9000,31.5200,31.8800,322200
2001-06-01,32.6000,33.0300,32.2000,32.7500,154300
2001-05-25,33.3000,33.5500,32.6600,32.6800,76600
2001-05-18,32.8000,33.4000,32.4900,33.3000,133100
2001-05-11,32.8000,33.0000,32.0000,32.3900,83100
2001-05-04,32.7000,33.2700,31.9000,32.6000,407000
2001-04-27,31.6800,33.0000,31.3400,32.7700,636100
2001-04-20,31.4000,32.9900,31.4000,31.6800,705100
2001-04-12,30.7500,32.0000,30.7500,31.4400,155600
2001-04-06,31.2900,31.9300,29.9400,30.5700,477700
2001-03-30,29.7500,31.3800,29.5800,31.2900,188500
2001-03-23,29.8500,30.4800,28.3000,28.9500,470600
2001-03-16,31.4800,31.8800,29.7600,30.1000,503400
2001-03-09,31.8000,32.0600,31.2400,31.4800,154300
2001-03-02,32.0000,32.6700,30.9000,31.7000,70800
2001-02-23,32.1100,32.5500,31.2000,31.9400,62900
2001-02-16,32.1000,32.7100,31.6000,32.0100,102400
2001-02-09,31.6500,32.4400,31.3600,32.0200,297900
2001-02-02,31.5000,31.7500,31.1300,31.3500,94000
2001-01-26,31.2500,31.6100,30.4100,31.1300,121300
2001-01-19,30.7200,31.5200,30.0600,31.2500,100300
2001-01-12,31.5500,32.0900,30.5600,31.2200,512500
2001-01-05,32.9400,33.9200,31.0000,31.1900,168900
2000-12-29,32.3100,33.4100,32.3100,33.1900,56100
2000-12-22,33.5900,33.5900,31.4100,32.1700,135800
2000-12-15,33.2200,34.4100,33.0600,33.6300,128900
2000-12-08,33.5900,34.4200,33.3400,33.3400,152900
2000-12-01,33.5000,34.3800,33.3000,33.4800,213700
2000-11-24,33.9400,33.9700,33.4500,33.7200,48100
2000-11-17,34.3100,34.5500,33.3400,33.5300,91400
2000-11-10,34.0000,34.4100,33.4400,34.1300,71900
2000-11-03,33.2800,34.3800,33.2800,33.8100,135300
2000-10-27,31.7700,32.6900,31.7200,32.6300,168800
2000-10-20,31.8400,32.4100,30.9200,31.6700,367400
2000-10-13,32.4500,32.6700,30.8100,31.6600,217100
2000-10-06,31.9800,32.8100,31.7800,32.1900,392500
2000-09-29,30.3100,32.5600,30.2500,32.2800,297400
2000-09-22,30.5000,30.5600,29.1600,30.2800,379900
2000-09-15,30.6900,31.3600,30.3100,30.5300,1470800
2000-09-08,29.2500,30.5600,29.1300,30.5000,1288900
2000-09-01,28.1300,29.0900,28.1300,29.0900,277900
2000-08-25,28.2000,28.2500,27.7800,28.0000,287600
2000-08-18,27.9700,28.7500,27.8100,28.0300,59400
2000-08-11,28.5600,29.3100,27.7800,28.3000,182400
2000-08-04,27.8800,29.0500,27.6700,28.6400,170300
2000-07-28,27.8800,28.3400,27.5900,27.5900,241300
2000-07-21,28.0800,28.3600,27.5000,28.0000,596900
2000-07-14,28.8800,29.0200,28.0200,28.2300,148200
2000-07-07,27.9100,28.8100,27.2300,28.6400,2834500
2000-06-30,29.2200,29.2500,27.1600,27.2500,9326500
2000-06-23,29.2500,29.5200,28.8000,29.0000,562400
2000-06-16,29.2800,29.9100,28.8400,28.8400,576900
2000-06-09,28.1600,29.2200,27.8800,29.1700,237800
2000-06-02,28.2800,28.6900,27.9400,28.5300,95300
2000-05-26,28.0300,28.2200,27.5200,28.0600,184200
2000-05-19,28.0300,28.8600,27.5200,27.8400,1851700
2000-05-12,27.2500,28.6600,27.2500,28.1600,140700
2000-05-05,28.2300,28.5800,27.0800,27.5600,278200
2000-04-28,27.7800,29.3800,27.7800,28.4800,79200
2000-04-20,27.6700,27.7500,26.0000,27.6300,180600
2000-04-14,27.5500,29.0000,27.3600,27.6300,294200
2000-04-07,26.6400,28.1400,26.4200,27.7300,455300
2000-03-31,26.0900,26.8600,26.0800,26.7300,156500
2000-03-24,26.7500,26.8100,25.6600,25.9400,230900
2000-03-17,25.1600,27.0900,25.1600,26.6400,685500
2000-03-10,25.9100,26.0500,24.9200,25.5800,365300
2000-03-03,23.5200,26.6100,23.3800,26.2300,401900
2000-02-25,25.0600,25.5000,23.3800,23.4400,196000
2000-02-18,26.2300,26.4200,24.9700,25.0000,217300
2000-02-11,26.9800,27.5000,26.1100,26.2300,247600
2000-02-04,26.2700,27.6400,26.2300,27.1100,567900
2000-01-28,27.9400,27.9400,26.2300,26.4200,199700
2000-01-21,26.9400,27.9100,26.7800,27.8800,385600
2000-01-14,27.4700,27.6600,26.6600,26.9700,263200
2000-01-07,28.9400,28.9400,26.6300,27.4800,624300
1999-12-31,28.8800,28.8800,27.8300,28.1400,1084300
1999-12-23,28.9400,29.0900,28.3900,28.8300,846400
1999-12-17,29.0000,29.3000,28.6900,29.0600,522300
1999-12-10,29.6400,29.6900,29.0800,29.0800,145700
1999-12-03,28.6600,29.8400,28.5000,29.4800,82200
1999-11-26,29.2000,29.2800,28.5500,28.9200,89000
1999-11-19,29.4500,29.8000,29.1300,29.3800,59400
1999-11-12,29.6900,29.8800,29.3400,29.5600,52100
